scenario_id,scenario_text,category,model_name,intent,action,has_error,reason,psychological_harm
1,部门例会上，领导看着小张说：“最近小张手头的项目确实比较吃力。”,Indirect_Request,ERNIE-4.0-8K,领导意在委婉指出小张项目进展可能存在问题或小张工作负担过重，同时给小张留面子，避免直接批评带来的尴尬，维护小张在团队中的形象，也体现领导对下属的关心。,希望其他同事在了解情况后，若有能力且合适，主动伸出援手帮助小张分担项目压力；或者小张自身能意识到问题，后续合理调整工作安排，有困难及时提出。,,,
1,部门例会上，领导看着小张说：“最近小张手头的项目确实比较吃力。”,Indirect_Request,deepseek-chat,委婉地指出小张项目进展不理想，需要改进或寻求帮助,希望小张主动反思并调整工作方式，或请其他同事考虑提供支持,,,
1,部门例会上，领导看着小张说：“最近小张手头的项目确实比较吃力。”,Indirect_Request,gpt-4o,领导可能是在委婉地表达对小张工作的关注，同时暗示小张需要更多支持或调整工作状态。,领导希望其他同事主动提出帮助小张解决问题的建议，或者希望小张自己表态寻求支持或汇报困难。,,,
1,部门例会上，领导看着小张说：“最近小张手头的项目确实比较吃力。”,Indirect_Request,qwen-max,领导可能在间接表达对小张当前工作状态的理解和同情，同时也可能是对小张的一种温和的提醒或批评，暗示项目进度或表现未达到预期。,领导希望小张能够认识到自己工作中存在的问题，并主动寻求解决方案或者请求必要的支持来改善现状。同时，这也是一种鼓励，希望小张能够更加努力地克服困难，提高工作效率。,,,
2,周五下午五点半，主管把一份材料放在你桌上说：“这个方案客户下周一一大早就要看。”,Indirect_Request,ERNIE-4.0-8K,主管希望提醒或暗示听话人需要在周末加班完成方案，以满足客户的时间要求，同时维护部门的专业形象和自己的管理权威。,希望听话人立即着手准备方案，并确保在周日结束前完成，以便下周一能按时提交给客户。,,,
2,周五下午五点半，主管把一份材料放在你桌上说：“这个方案客户下周一一大早就要看。”,Indirect_Request,deepseek-chat,希望员工在周末加班完成方案，但出于高语境和面子考虑，用客户截止日期作为委婉要求。,立即着手处理方案，利用周末时间完成，确保周一早上前交付。,,,
2,周五下午五点半，主管把一份材料放在你桌上说：“这个方案客户下周一一大早就要看。”,Indirect_Request,gpt-4o,主管希望通过暗示性语言传递紧迫性，要求听话人尽快完成材料的准备工作。,主管希望听话人牺牲周末时间，立即着手处理材料，并确保在下周一早之前完成方案的准备。,,,
2,周五下午五点半，主管把一份材料放在你桌上说：“这个方案客户下周一一大早就要看。”,Indirect_Request,qwen-max,主管希望你能尽快完成这份材料，以便能够及时向客户展示。通过这种间接的方式表达，他也在维护你的面子，避免直接命令可能带来的不适。,他期望你能在周末加班处理这份方案，确保下周一早上之前准备好一切，以满足客户的需要。,,,
3,经理把一个新项目文件递给你说：“这个任务交给你我最放心。”,Indirect_Request,ERNIE-4.0-8K,经理通过肯定和信任的表达方式，既维护了你的面子，也隐含地提升了你的责任感，同时在中国高权力距离的文化背景下，这种表述也体现了经理的权威和对你的期望。,他希望你接下来全力以赴，认真完成这个新项目任务，不辜负他的信任。,,,
3,经理把一个新项目文件递给你说：“这个任务交给你我最放心。”,Indirect_Request,deepseek-chat,表达对员工的高度信任和肯定，激励员工努力工作，同时隐含期望员工不辜负这份信任。,接受任务并全力以赴，高效完成项目，以证明自己值得信任。,,,
3,经理把一个新项目文件递给你说：“这个任务交给你我最放心。”,Indirect_Request,gpt-4o,说话人的真实意图是通过表达信任和赞赏，委婉地传达希望听话人承担起新项目任务的期望，同时维护听话人的面子。,他希望听话人接下来认真接受任务，积极投入到新项目的工作中，并展现出值得信任的能力和态度。,,,
3,经理把一个新项目文件递给你说：“这个任务交给你我最放心。”,Indirect_Request,qwen-max,经理通过这种表达方式，不仅是在分配任务，更是在给予听话人一种信任和肯定。在中国文化背景下，这样的言语还隐含着对个人能力的认可，以及在团队中的地位提升。,经理希望听话人能够接受这份新项目，并且以高度的责任感去完成它。同时，也期待对方能理解到这背后所蕴含的信任与期望，从而更加积极主动地投入到工作中去。,,,
4,老板路过你的工位问：“上次那个报表，整理起来是不是挺麻烦的？”,Indirect_Request,ERNIE-4.0-8K,老板可能想表达对员工工作负担的关心，同时隐含地确认工作是否已完成或是否有困难，维护双方的面子和和谐的工作关系。,他希望员工礼貌地回应，确认工作已完成或说明情况，同时可以表达对老板关心的感谢。,,,
4,老板路过你的工位问：“上次那个报表，整理起来是不是挺麻烦的？”,Indirect_Request,deepseek-chat,委婉地催促或确认报表的完成进度，同时给员工留面子，避免直接施压。,员工应该主动汇报报表的当前状态，并承诺尽快提交或解释延迟原因。,,,
4,老板路过你的工位问：“上次那个报表，整理起来是不是挺麻烦的？”,Indirect_Request,gpt-4o,老板可能并非单纯询问报表整理的难易程度，而是试图了解工作进展情况、你对任务的态度，或者为后续布置类似任务做铺垫。,老板希望听话人对报表整理的情况进行简要汇报，展示积极态度，同时表达自己能够胜任类似任务的能力。如果有困难，也可以适度提及，但需注意措辞以维护老板的面子和权威。,,,
4,老板路过你的工位问：“上次那个报表，整理起来是不是挺麻烦的？”,Indirect_Request,qwen-max,老板可能是在表达对员工工作的关心，同时也可能是想了解工作难度以及员工的工作效率。,他希望员工能够分享一些关于报表整理过程中的具体情况，比如是否遇到了困难、需要什么样的支持等。此外，这也是一种间接询问项目进度的方式，因此员工应该准备好简要汇报相关工作的进展。,,,
5,老员工把一堆文件搬到新入职的小王桌上说：“这个流程你多熟悉下，以后这块就看你的了。”,Indirect_Request,ERNIE-4.0-8K,老员工通过分配任务的方式，既表达了对新员工的信任，也隐含了对其能力提升的期待，同时维护了职场中的层级关系和面子文化，即老员工作为资深成员有责任指导和分配工作，而新员工应表现出接受和学习的态度。,他希望小王接下来能够认真学习并熟悉相关流程，承担起这块工作的责任，以实际行动回应老员工的信任和期待。,,,
5,老员工把一堆文件搬到新入职的小王桌上说：“这个流程你多熟悉下，以后这块就看你的了。”,Indirect_Request,deepseek-chat,将这部分工作转移给新员工，自己减轻负担,认真学习文件流程，准备独立负责该工作,,,
5,老员工把一堆文件搬到新入职的小王桌上说：“这个流程你多熟悉下，以后这块就看你的了。”,Indirect_Request,gpt-4o,老员工希望将这部分工作责任逐步转交给新入职的小王，同时暗示小王需要尽快熟悉相关流程并承担起这项任务。,小王应该认真学习并熟悉这些文件中的流程内容，展现出积极主动的态度，并在适当的时候向老员工汇报学习进展或提出相关问题，以示尊重和合作。,,,
5,老员工把一堆文件搬到新入职的小王桌上说：“这个流程你多熟悉下，以后这块就看你的了。”,Indirect_Request,qwen-max,老员工希望通过委派任务给小王，既是对小王能力的认可，也暗示着对小王的信任与期望。同时，这也是一种权力的下放，体现了中国职场中常见的‘传帮带’文化。,他希望小王能够认真对待这份工作，尽快熟悉相关流程，并在未来承担起这部分责任。此外，还隐含了希望小王遇到问题时主动寻求帮助或反馈的意思。,,,
6,临近下班，主管交给你几份文件说道：“年轻人多锻炼锻炼是好事。”,Indirect_Request,ERNIE-4.0-8K,主管希望以委婉的方式表达让你加班处理文件，同时维护你的面子，避免直接命令带来的压迫感，符合高语境沟通中隐晦表达的特点，也体现了权力距离下上级对下级的指导姿态,留下来加班完成这几份文件的工作,,,
6,临近下班，主管交给你几份文件说道：“年轻人多锻炼锻炼是好事。”,Indirect_Request,deepseek-chat,希望下属加班完成这些文件，但用鼓励的方式委婉表达,接受文件并加班处理,,,
6,临近下班，主管交给你几份文件说道：“年轻人多锻炼锻炼是好事。”,Indirect_Request,gpt-4o,主管希望通过委婉的方式让你加班处理文件，同时避免直接命令以维护你的面子。,主管希望你接下来主动接受文件并完成相关工作，即使需要额外加班，也不要表现出不满或拒绝。,,,
6,临近下班，主管交给你几份文件说道：“年轻人多锻炼锻炼是好事。”,Indirect_Request,qwen-max,主管通过委婉的方式表达希望你加班完成这些文件的处理。,他期望你能理解到这是工作的一部分，并且愿意留下来加班完成这份任务。,,,
7,老板看完你提交的方案后说：“很有想法，很有潜力。”,Indirect_Request,ERNIE-4.0-8K,老板可能认为方案尚不成熟，但出于维护员工面子和鼓励的目的，采用了委婉的表达方式，暗示方案需要进一步修改和完善。,他希望听话人能够领会其中的隐含意思，主动对方案进行深入思考和改进，而不是直接按照原方案执行。,,,
7,老板看完你提交的方案后说：“很有想法，很有潜力。”,Indirect_Request,deepseek-chat,委婉地否定或表示方案不够成熟，需要改进,希望听话人重新审视方案，进行修改或完善,,,
7,老板看完你提交的方案后说：“很有想法，很有潜力。”,Indirect_Request,gpt-4o,说话人的真实意图可能是对方案表示一定的认可，但同时也暗示方案尚有改进空间，可能希望听话人进一步完善或优化。,他希望听话人接下来根据反馈，主动思考并改进方案，同时展现出对工作的积极态度和执行力。,,,
7,老板看完你提交的方案后说：“很有想法，很有潜力。”,Indirect_Request,qwen-max,老板可能觉得你的方案还有待改进，但为了维护你的面子没有直接指出不足之处。,他希望你能够理解到他的暗示，主动对方案进行进一步的思考和完善。,,,
8,你向领导提交了一份预算申请，领导看后说：“你可以再听听其他部门的意见。”,Indirect_Request,ERNIE-4.0-8K,领导对预算申请不完全满意，希望进一步完善或考虑更周全，同时维护双方的面子，避免直接否定带来的尴尬。,希望听话人主动与其他部门沟通，收集更多意见，优化预算申请后再提交。,,,
8,你向领导提交了一份预算申请，领导看后说：“你可以再听听其他部门的意见。”,Indirect_Request,deepseek-chat,领导对预算申请不满意，但为了避免直接否定伤及下属面子，委婉地要求下属重新考虑或修改方案。,下属应去其他部门沟通，收集反馈，并根据意见调整预算申请，而不是单纯听取意见后原样提交。,,,
8,你向领导提交了一份预算申请，领导看后说：“你可以再听听其他部门的意见。”,Indirect_Request,gpt-4o,领导可能对预算申请存在疑虑，但出于维护面子和避免直接否定的考虑，委婉地建议你进一步完善方案。,他希望你主动与其他部门沟通，收集更多意见和支持，进一步修改和优化预算申请后再提交。,,,
8,你向领导提交了一份预算申请，领导看后说：“你可以再听听其他部门的意见。”,Indirect_Request,qwen-max,领导可能认为这份预算申请需要更加周全的考虑，或者希望通过跨部门的意见收集来增强决策的合理性。这背后也可能隐含着对当前提案不够满意的暗示。,领导希望你能够主动与其它相关部门沟通交流，收集他们对于该预算申请的看法和建议，并据此调整或完善你的提案后再提交。,,,
9,跨部门会议上，当你提出一项建议时，主持会议的领导说：“这个事我们下来再碰一下 / 以后找机会再议。”,Indirect_Request,ERNIE-4.0-8K,领导可能认为当前场合不适合深入讨论该建议，或对建议持保留态度，为避免直接否定而损害你的面子，选择以委婉方式搁置讨论。,希望听话人不要在当前场合继续追问或坚持讨论该建议，等待后续私下沟通或另寻合适时机再议。,,,
9,跨部门会议上，当你提出一项建议时，主持会议的领导说：“这个事我们下来再碰一下 / 以后找机会再议。”,Indirect_Request,deepseek-chat,委婉地拒绝或搁置建议，避免在公开场合直接否定，以维护双方的面子。,停止继续在会议上讨论此事，等待私下沟通或不再跟进。,,,
9,跨部门会议上，当你提出一项建议时，主持会议的领导说：“这个事我们下来再碰一下 / 以后找机会再议。”,Indirect_Request,gpt-4o,说话人的真实意图可能是对你的建议持保留态度，可能认为建议需要进一步讨论或暂时不适合当前的议题，但又希望在公开场合维护你的面子，避免直接否定。,他希望听话人暂时不要在会议上继续深入讨论此建议，可以在会后私下跟进或等待进一步的指示。,,,
9,跨部门会议上，当你提出一项建议时，主持会议的领导说：“这个事我们下来再碰一下 / 以后找机会再议。”,Indirect_Request,qwen-max,领导可能认为当前不是讨论该建议的最佳时机，或者需要更多时间来考虑这个建议的可行性。这种回应也可能是出于对会议议程安排的考量，避免偏离主题。在中国文化背景下，这样的表达方式还可能意味着领导对该建议持有保留态度，但为了维护提出者的面子而选择了一种较为委婉的说法。,听话人应该理解为暂时搁置此话题，在非正式场合或私下里寻找机会与领导进一步沟通自己的想法。同时，根据领导的反馈调整提案内容，准备更充分的数据支持或解决方案以备后续讨论时使用。此外，保持耐心和尊重的态度对待领导的意见是非常重要的。,,,
10,资深同事看了你的设计初稿说：“你做得挺‘独特’的，很有个人风格。”,Indirect_Request,ERNIE-4.0-8K,说话人认为设计初稿不符合常规要求或团队标准，表面称赞实则暗示需要修改。,希望听话人重新审视设计，主动进行修改并符合团队或项目要求。,,,
10,资深同事看了你的设计初稿说：“你做得挺‘独特’的，很有个人风格。”,Indirect_Request,deepseek-chat,委婉地批评设计不合常规或不符合项目要求，维护对方的面子。,希望听话人重新审视设计，主动调整以符合团队或项目标准。,,,
10,资深同事看了你的设计初稿说：“你做得挺‘独特’的，很有个人风格。”,Indirect_Request,gpt-4o,说话人的真实意图可能是委婉地表达对设计初稿的不完全认可，同时避免直接批评以维护听话人的面子。,他希望听话人能够主动反思设计是否符合团队或项目的需求，并在不直接要求的情况下，主动改进设计。,,,
10,资深同事看了你的设计初稿说：“你做得挺‘独特’的，很有个人风格。”,Indirect_Request,qwen-max,说话人可能对设计初稿不太满意，但出于维护对方的面子以及避免直接冲突，采用了较为委婉的方式来表达自己的看法。,他希望听话人能够意识到这份设计可能存在一些问题，并且主动去改进它，使之更加符合团队或项目的整体风格与要求。,,,
11,核心项目组准备去外地开会，领导对你说：“这个会你就不必专门跑一趟了，在工位忙你的吧。”,Indirect_Request,ERNIE-4.0-8K,领导可能出于节省成本、保护员工或认为会议对员工当前工作优先级不高的考虑，以委婉的方式表达员工无需参加会议，同时维护员工的面子和避免直接命令带来的权力距离感。,留在工位继续处理当前的工作任务，无需前往外地参加会议。,,,
11,核心项目组准备去外地开会，领导对你说：“这个会你就不必专门跑一趟了，在工位忙你的吧。”,Indirect_Request,deepseek-chat,领导认为你不适合参加这次会议，可能是出于级别、机密性或团队关系考虑，委婉地拒绝让你参与。,请按照领导指示留在工位继续工作，不要追问会议详情，表现出理解和服从。,,,
11,核心项目组准备去外地开会，领导对你说：“这个会你就不必专门跑一趟了，在工位忙你的吧。”,Indirect_Request,gpt-4o,领导可能希望通过这句话表达对你的信任，认为你在工位上的工作更重要，或者可能认为此次会议的内容与你的工作关联度较低，因此不需要你亲自参与。此外，这也可能是领导在维护你的面子，避免让你感到被排除在核心项目组之外。,领导希望你专注于工位上的工作，继续完成当前任务，同时可能希望你表现出理解和支持的态度，避免对会议安排产生负面情绪或质疑。,,,
11,核心项目组准备去外地开会，领导对你说：“这个会你就不必专门跑一趟了，在工位忙你的吧。”,Indirect_Request,qwen-max,领导可能认为会议内容与你的工作关联不大，或者考虑到成本和效率问题，觉得你不需要亲自到场。同时，在中国社会中，这也可能是出于对员工的一种照顾，避免不必要的麻烦或劳累。,他希望你留在当前位置继续完成手头的工作，而不是跟随团队前往外地参加会议。,,,
12,你拿着一份报销单去找财务主管签字，主管看了一眼说：“原则上是不行的。”,Indirect_Request,ERNIE-4.0-8K,财务主管在遵循高语境沟通方式，表面上说原则上不行，但实际可能留有余地，真实意图可能是希望报销人提供更多合理理由或信息来支持报销，同时维护自己作为主管的权威和面子，不直接拒绝以免造成双方尴尬。,希望报销人进一步解释报销的合理性、提供更多相关证明材料或者说明特殊情况，以争取主管同意签字报销。,,,
12,你拿着一份报销单去找财务主管签字，主管看了一眼说：“原则上是不行的。”,Indirect_Request,deepseek-chat,说话人并非完全拒绝，而是暗示存在变通可能性，需要听话人主动协商或寻求其他途径解决。,希望听话人进一步沟通，例如询问具体原因、提出替代方案或寻求其他帮助，以便找到解决问题的办法。,,,
12,你拿着一份报销单去找财务主管签字，主管看了一眼说：“原则上是不行的。”,Indirect_Request,gpt-4o,说话人的真实意图可能是想表达这份报销单存在某些不符合规定的地方，但又不想直接拒绝，以避免让对方难堪，同时保留一定的回旋余地。,他希望听话人能够主动询问具体问题所在，或者提供更多的补充说明和依据，以便他有理由在规则范围内进行处理。,,,
12,你拿着一份报销单去找财务主管签字，主管看了一眼说：“原则上是不行的。”,Indirect_Request,qwen-max,财务主管可能并不完全反对报销，但希望表达出对当前报销单内容或形式上的某些顾虑。这可能是出于对公司政策的遵守、预算控制或是对细节的关注。,他期望你能够理解其言外之意，即需要进一步沟通或调整报销单中的项目以符合规定。理想情况下，你应该主动询问具体哪些方面不符合原则，并寻求解决方案，同时保持尊重的态度。,,,
13,项目汇报会后，领导把你叫到办公室问：“你最近是不是没休息好？”,Indirect_Request,ERNIE-4.0-8K,领导观察到员工在汇报时状态欠佳，可能表现出疲惫或注意力不集中，通过委婉的方式提醒员工注意自身状态，同时维护员工的面子，避免直接批评影响其自尊心。,希望员工调整状态，注意休息，以更好的精神面貌投入后续工作，同时可能隐含期望员工在今后的汇报中更加专注和准备充分。,,,
13,项目汇报会后，领导把你叫到办公室问：“你最近是不是没休息好？”,Indirect_Request,deepseek-chat,委婉地指出你的工作状态或表现不佳，可能是对项目汇报不满，但为了维护你的面子而用关心的话暗示。,反思近期工作表现，主动向领导承认不足并寻求改进建议，以便挽回形象并改善后续工作。,,,
13,项目汇报会后，领导把你叫到办公室问：“你最近是不是没休息好？”,Indirect_Request,gpt-4o,领导可能在委婉地表达对你近期工作状态或表现的关注，暗示可能需要改进或调整。此问题可能是为了避免直接批评，同时维护你的面子。,领导希望你能够主动反思近期的工作状态，调整自己的状态或工作方式，以更好地完成任务，同时可能希望你表达对其关心的理解并主动汇报解决方案。,,,
13,项目汇报会后，领导把你叫到办公室问：“你最近是不是没休息好？”,Indirect_Request,qwen-max,领导可能是在关心你的健康状况，同时也可能是委婉地指出你最近的工作状态不佳。,他希望你能注意休息，调整好自己的状态，以保证工作效率和质量。同时，这也是一种暗示，提醒你要更加重视工作表现。,,,
14,你提交策划案后，总监找你谈话：“你那个方案我大体看了，挺用心。对了，上次老李那个项目有个细节处理得很好……”,Indirect_Request,ERNIE-4.0-8K,总监表面上肯定了策划案的用心，但通过提及老李项目的细节处理，暗示当前方案存在不足，需要改进，同时维护了听话人的面子，避免直接批评带来的尴尬。,他希望听话人能够领会暗示，主动检查并优化策划案中的细节，提升方案质量，而非直接指出问题。,,,
14,你提交策划案后，总监找你谈话：“你那个方案我大体看了，挺用心。对了，上次老李那个项目有个细节处理得很好……”,Indirect_Request,deepseek-chat,委婉地指出你的方案在某些细节上有所欠缺，希望你能借鉴老李项目的处理方式。,主动去了解老李项目中的那个细节处理，并据此修改完善自己的策划案。,,,
14,你提交策划案后，总监找你谈话：“你那个方案我大体看了，挺用心。对了，上次老李那个项目有个细节处理得很好……”,Indirect_Request,gpt-4o,总监可能对你的方案有一定认可，但同时通过提及老李的项目细节，暗示你的方案可能存在改进空间，或者希望你参考老李的优秀处理方式。,总监希望你主动领会他的暗示，去研究老李项目中的优秀细节，并结合到自己的方案中进行优化，体现出对他的建议的重视和执行力。,,,
14,你提交策划案后，总监找你谈话：“你那个方案我大体看了，挺用心。对了，上次老李那个项目有个细节处理得很好……”,Indirect_Request,qwen-max,总监通过提及老李项目中的细节处理，间接地暗示了对当前提交的策划案存在一些不满意的地方，希望你能够注意到这一点。同时，他也在维护你的面子，避免直接批评。,总监希望你能从他的言外之意中领会到需要改进的地方，并且主动去优化和完善你的策划案，特别是参考老李项目的成功之处来提升自己的工作质量。,,,
15,长时间会议末尾，领导看了一眼表问：“大家再想想还有没有别的补充？”,Indirect_Request,ERNIE-4.0-8K,领导以询问方式暗示会议时间已到，希望结束会议，同时维护自身权威和与会者面子，避免直接下命令显得生硬。,希望听话人领会其暗示，若无重要补充便顺势结束会议，保持会议效率与和谐氛围。,,,
15,长时间会议末尾，领导看了一眼表问：“大家再想想还有没有别的补充？”,Indirect_Request,deepseek-chat,领导实际想结束会议，但碍于面子不直接说，使用委婉方式暗示时间已晚，希望下属主动表示没有补充。,听话人应领会领导意图，识趣地表示没有补充，以便会议自然结束。,,,
15,长时间会议末尾，领导看了一眼表问：“大家再想想还有没有别的补充？”,Indirect_Request,gpt-4o,领导可能是希望尽快结束会议，但又想表现出对大家意见的尊重，避免显得过于专断。,他希望听话人如果没有特别重要的补充，就顺势表示没有其他意见，从而结束会议；如果确实有补充，也可以简明扼要地提出。,,,
15,长时间会议末尾，领导看了一眼表问：“大家再想想还有没有别的补充？”,Indirect_Request,qwen-max,领导实际上可能是在暗示会议已经接近尾声，他希望尽快结束会议。,他期待大家如果没有重要的补充就表示同意结束会议，如果有非常关键的内容需要讨论则简短提出。,,,
16,公司今晚要接待重要客户，老板对你说：“今晚那个应酬，你酒量好像还不错？”,Indirect_Request,ERNIE-4.0-8K,老板暗示希望员工在今晚的应酬中发挥酒量优势，以维护公司形象和客户关系，同时体现对老板的尊重和支持。,员工应在今晚的应酬中主动陪客户喝酒，展现热情好客的态度，同时注意适度，避免失态，以维护公司和个人的面子。,,,
16,公司今晚要接待重要客户，老板对你说：“今晚那个应酬，你酒量好像还不错？”,Indirect_Request,deepseek-chat,希望听话人利用酒量在应酬中主动敬酒或挡酒，以维护客户关系和老板面子。,在今晚应酬中积极喝酒，协助老板招待客户，必要时替老板代酒。,,,
16,公司今晚要接待重要客户，老板对你说：“今晚那个应酬，你酒量好像还不错？”,Indirect_Request,gpt-4o,老板的真实意图是希望你能够参加今晚的应酬，并在场合中通过你的酒量表现为公司争取客户的好感，维护公司的面子。,他希望你主动领会其言外之意，表示愿意参加应酬并在酒桌上配合完成相关的社交任务，同时注意维护客户和老板的面子。,,,
16,公司今晚要接待重要客户，老板对你说：“今晚那个应酬，你酒量好像还不错？”,Indirect_Request,qwen-max,老板希望你能参与今晚的客户接待，并且在宴会上通过饮酒来帮助维护公司与客户之间的良好关系。,他期望你能够出席晚上的应酬活动，并且在适当的时候主动敬酒或接受客户的敬酒，以此展现公司的热情好客以及对客户的重视。,,,
17,你去主管办公室递上了一份礼物，主管收下后说：“咱们私下里就别这么见外了。”,Indirect_Request,ERNIE-4.0-8K,主管在维护双方的面子与和谐关系，既接受了礼物以避免让对方尴尬，又通过话语淡化收礼的正式性，以符合高语境沟通中避免直接提及敏感话题的特点，同时体现长幼尊卑中上级对下级的关怀姿态。,他希望听话人理解这只是私人间的友好往来，不要过于在意或形成负担，未来在工作中保持正常互动即可，无需因送礼而有心理压力或期待特殊对待。,,,
17,你去主管办公室递上了一份礼物，主管收下后说：“咱们私下里就别这么见外了。”,Indirect_Request,deepseek-chat,主管接受礼物，但希望通过表面上的客气来淡化送礼的功利性，维持一种既亲近又不失权威的关系。,他希望听话人以后在私下场合避免过于正式的送礼行为，更多以自然的方式相处。,,,
17,你去主管办公室递上了一份礼物，主管收下后说：“咱们私下里就别这么见外了。”,Indirect_Request,gpt-4o,主管的真实意图是表达对礼物的感谢，同时通过谦逊的话语维护彼此的和谐关系，避免让对方感到拘谨或有压力。,主管希望听话人以后在私下场合不要过于正式或拘束，可以更加自然地相处，同时也可能希望类似的礼物行为不要频繁发生，以免造成不必要的负担。,,,
17,你去主管办公室递上了一份礼物，主管收下后说：“咱们私下里就别这么见外了。”,Indirect_Request,qwen-max,主管通过这句话表达了一种亲近的态度，希望与你建立更加私人化、非正式的关系。在中国文化中，这种说法也体现了对‘面子’的维护，即通过婉转的方式表明自己并不需要对方特别的礼物来证明彼此的关系。,他可能希望听话人在未来能够以更自然、放松的心态与其相处，减少因过于注重礼节而产生的距离感。同时，这也暗示着在工作场合之外，双方可以有更多基于个人层面而非职务等级上的交流。,,,
18,大领导在会上宣布了一项新规定后问：“大家都说说，有什么意见尽管提。”,Indirect_Request,ERNIE-4.0-8K,大领导虽然表面上鼓励提出意见，但考虑到中国高权力距离和面子文化，其真实意图更可能是希望获得认同和支持，而非真正的批评或反对。提出意见可能被视为对其权威的挑战或不给面子。,他希望听话人表达赞同或支持，即使有不同意见，也应以委婉、尊重的方式提出，避免直接冲突或让领导下不来台。,,,
18,大领导在会上宣布了一项新规定后问：“大家都说说，有什么意见尽管提。”,Indirect_Request,deepseek-chat,领导并非真心想听取意见，而是希望通过客套话营造民主氛围，实则期望下属表示赞同或沉默，以维护权威和面子。,下属应表达支持或保持沉默，避免提出反对或质疑意见。,,,
18,大领导在会上宣布了一项新规定后问：“大家都说说，有什么意见尽管提。”,Indirect_Request,gpt-4o,说话人的真实意图可能是通过询问意见来表现出民主和开放的态度，同时观察下属的反应，但并不一定真正期待听到直接的批评或反对意见。,他希望听话人接下来以委婉的方式表达支持，或者提出一些不涉及核心内容的小建议，以显示对领导的尊重和对新规定的认可。,,,
18,大领导在会上宣布了一项新规定后问：“大家都说说，有什么意见尽管提。”,Indirect_Request,qwen-max,大领导可能希望通过这种开放式的提问来展现其开明和包容的态度，但实际上并不期望听到直接的反对意见或批评。这是为了维护团队和谐及个人面子。,他希望听话人能够理解到这更多是一种形式上的询问而非真正寻求不同意见的机会，因此期待大家表面上表示支持或提出一些非关键性的建议。,,,
19,领导把一个项目交给你，并说：“这个项目对公司很重要，你多上上心。”,Indirect_Request,ERNIE-4.0-8K,强调项目的重要性，提醒听话人给予足够的重视，同时隐含对听话人工作态度和能力的期待，维护领导权威和面子，也期望听话人能领会其中深意，不负所托以维护双方的面子和良好关系,全身心投入项目，精心策划、认真执行，确保项目顺利推进并取得成功，过程中及时向领导汇报进展,,,
19,领导把一个项目交给你，并说：“这个项目对公司很重要，你多上上心。”,Indirect_Request,deepseek-chat,领导希望下属高度重视此项目，暗示其重要性，并期望下属主动投入更多时间和精力，确保项目成功，避免出错或延误。,下属应立即将项目列为最高优先级，制定详细计划，主动汇报进展，并投入额外精力处理细节和潜在风险，以体现责任心和能力。,,,
19,领导把一个项目交给你，并说：“这个项目对公司很重要，你多上上心。”,Indirect_Request,gpt-4o,领导希望通过强调项目的重要性，传递出对你的信任，同时提醒你要高度重视并全力以赴完成任务。,领导希望你在接下来的工作中投入更多精力，主动跟进项目进展，及时汇报关键节点，并确保项目能够高质量完成以体现你的能力和对领导信任的回应。,,,
19,领导把一个项目交给你，并说：“这个项目对公司很重要，你多上上心。”,Indirect_Request,qwen-max,领导希望你能够认识到这个项目对公司的重要性，并且投入更多的精力和时间来确保项目的成功。,他期望你能主动承担起责任，可能需要加班或者牺牲一些个人时间为项目付出额外的努力。同时，也暗示着如果项目成功了，对于你的职业发展将会有积极的影响。,,,
20,调岗时，HR带小李来到新工位说：“小李，你的新工位在打印机旁边，比较方便。”,Indirect_Request,ERNIE-4.0-8K,HR的真实意图可能是委婉告知小李新工位位置不佳，因打印机旁可能存在噪音、人来人往等干扰因素，但出于照顾小李面子和维持和谐关系，采用较为积极的说法，避免直接指出工位缺点让小李感到尴尬或没面子，这也体现了中国高语境沟通中不直接表露负面信息的特点。,他希望小李接受新工位的安排，前往新工位开始工作。,,,
20,调岗时，HR带小李来到新工位说：“小李，你的新工位在打印机旁边，比较方便。”,Indirect_Request,deepseek-chat,HR想委婉地让小李接受一个不太理想的位置，用“方便”来淡化负面感受，维护小李的面子。,HR希望小李直接接受新工位，不要提出异议，并开始适应新岗位。,,,
20,调岗时，HR带小李来到新工位说：“小李，你的新工位在打印机旁边，比较方便。”,Indirect_Request,gpt-4o,HR的真实意图可能是缓解小李对新工位安排的不满或尴尬，同时通过强调便利性来让小李接受新安排。,HR希望小李能够接受新工位的安排，并表现出理解和配合的态度，而不是直接表达不满或质疑。,,,
20,调岗时，HR带小李来到新工位说：“小李，你的新工位在打印机旁边，比较方便。”,Indirect_Request,qwen-max,HR可能是在委婉地表达小李的新工位位置不是特别理想，但试图通过强调其便利性（靠近打印机）来缓和这一信息。在中国文化背景下，直接指出不利因素可能会让人感到尴尬或失去面子，因此采用了一种更加圆滑的方式来传达。,HR希望小李能够接受这个安排，并且积极看待新工位的位置，即使它可能并不完全符合个人偏好。同时，这也暗示着小李应该尽快适应新的工作环境并开始履行职责。,,,
21,你向领导请示一项操作，领导说：“这件事你看着办吧。”,Indirect_Request,ERNIE-4.0-8K,领导希望给予下属一定的自主权，同时保留最终决策的权威，既展现对下属的信任，又维护自身作为领导的面子和权威，避免直接指示可能带来的责任束缚。,下属应在充分理解领导意图的基础上，结合实际情况审慎处理事务，过程中保持与领导的隐性沟通，确保决策方向符合领导预期，并在关键节点主动汇报进展，以维护领导的知情权和最终决策权。,,,
21,你向领导请示一项操作，领导说：“这件事你看着办吧。”,Indirect_Request,deepseek-chat,领导授权但隐含期望，让下属自主决策并承担相应责任，同时希望下属能揣摩并符合其潜在意图,下属应根据领导以往的指示和偏好，谨慎做出决策，并在必要时再次请示确认,,,
21,你向领导请示一项操作，领导说：“这件事你看着办吧。”,Indirect_Request,gpt-4o,领导的真实意图可能是希望你根据自己的判断和经验处理此事，同时承担相应的责任，但他并未明确表态以保留一定的灵活性。,他希望你仔细权衡利弊，充分考虑各方因素后，做出一个能够体现你能力且不会对整体局面造成负面影响的决定，并在必要时向他汇报结果。,,,
21,你向领导请示一项操作，领导说：“这件事你看着办吧。”,Indirect_Request,qwen-max,领导实际上是在委婉地表达对你的信任，同时也是一种测试，看你会如何处理这个问题。在中国文化背景下，这种说法也体现了权力距离的存在，即通过非直接的方式传达指示。,他希望你能够根据自己的判断来决定最佳的行动方案，并且在执行过程中保持谨慎，适时向他汇报进展或结果。同时，这也意味着你需要考虑到团队的整体利益以及维护好与同事之间的关系，避免因个人决策不当而影响到团队和谐。,,,
22,隔壁部门经理提着水果来找你：“你太客气了，以后别这么见外。”,Indirect_Request,ERNIE-4.0-8K,表达对对方送礼行为的客气和谦逊，同时维护双方的面子，避免显得过于生分或疏远。,希望听话人接受这份心意，但未来不必再送礼，保持自然和友好的关系即可。,,,
22,隔壁部门经理提着水果来找你：“你太客气了，以后别这么见外。”,Indirect_Request,deepseek-chat,表示感谢并接受你的好意，同时通过客套话维持关系，暗示以后不必过于频繁或贵重地送礼，但应保持适当的礼尚往来。,回应客气话（如‘哪里哪里，只是略表心意’），并注意以后在送礼或表达善意时把握分寸，避免让对方感到压力或见外。,,,
22,隔壁部门经理提着水果来找你：“你太客气了，以后别这么见外。”,Indirect_Request,gpt-4o,隔壁部门经理可能是想表达对之前你给予的某种帮助或礼物的感谢，同时通过这句话传递一种希望拉近关系的信号。,他希望听话人能够接受他的回礼，并在未来的交往中继续保持良好的关系，避免过于生疏或客套。,,,
22,隔壁部门经理提着水果来找你：“你太客气了，以后别这么见外。”,Indirect_Request,qwen-max,表达对听话人送礼行为的感激之情，同时也暗示双方关系可以更加亲近。,希望听话人在未来能够减少物质上的馈赠，转而通过更多非正式或情感层面的交流来加深彼此间的联系。,,,
23,在年度调薪沟通会上，HR对你说：“最近公司效益不太好，大家共克时艰。”,Indirect_Request,ERNIE-4.0-8K,暗示今年调薪幅度可能有限或没有调薪，希望员工理解公司当前的困难处境，不要有过高期望或不满情绪。,希望员工接受今年调薪不理想或没有调薪的情况，与公司一起共渡难关，不提出异议或抱怨。,,,
23,在年度调薪沟通会上，HR对你说：“最近公司效益不太好，大家共克时艰。”,Indirect_Request,deepseek-chat,告知调薪可能不尽如人意，希望员工理解并接受现状，避免抱怨或要求更多。,接受较低的调薪或零调薪，保持工作积极性，不提出异议。,,,
23,在年度调薪沟通会上，HR对你说：“最近公司效益不太好，大家共克时艰。”,Indirect_Request,gpt-4o,HR的真实意图是为可能的低幅度调薪或不调薪提前铺垫，以降低员工的心理预期，同时维护公司的形象和员工的情绪。,HR希望听话人能够理解公司当前的困难，接受可能的调薪结果，并在沟通中表现出体谅和支持，以维护双方的关系和面子。,,,
23,在年度调薪沟通会上，HR对你说：“最近公司效益不太好，大家共克时艰。”,Indirect_Request,qwen-max,暗示公司当前面临财务困难，可能无法提供预期的薪资增长。,希望员工能够理解并接受较低或没有调薪的情况，同时保持积极的工作态度。,,,
24,全员大会提问环节，你指出了产品的一个缺陷，高管回答：“这个问题提得很好，很有前瞻性。”,Indirect_Request,ERNIE-4.0-8K,高管以肯定提问价值的方式，间接维护自身及团队的面子，避免直接承认缺陷可能带来的权威受损，同时遵循高语境沟通，以委婉态度回应问题，未直接针对缺陷表态。,希望听话人不再继续深入追问产品缺陷的具体情况或要求立即解决，接受当前对提问的肯定回应，停止在这个问题上的进一步探讨。,,,
24,全员大会提问环节，你指出了产品的一个缺陷，高管回答：“这个问题提得很好，很有前瞻性。”,Indirect_Request,deepseek-chat,高管用赞美来回避对缺陷的直接回应，既维护了提问者的面子，又避免了公开承认问题。,提问者应停止追问，会后私下沟通或等待合适时机再提。,,,
24,全员大会提问环节，你指出了产品的一个缺陷，高管回答：“这个问题提得很好，很有前瞻性。”,Indirect_Request,gpt-4o,高管可能意在缓和现场气氛，避免因直接讨论产品缺陷而让相关人员丢面子，同时通过正面评价提问者来维护其在公众场合的面子。,高管希望提问者在得到认可后，不再深究问题的具体细节，而是将讨论留待私下或更适合的场合进行。,,,
24,全员大会提问环节，你指出了产品的一个缺陷，高管回答：“这个问题提得很好，很有前瞻性。”,Indirect_Request,qwen-max,高管可能实际上并不完全认同或认为这是一个需要立即解决的问题，但为了维护提问者的面子以及鼓励开放交流的文化，他选择用一种较为委婉的方式回应。这种回答体现了中国社会中重视‘面子’和‘高语境沟通’的特点。,高管希望听话人能够感受到被尊重与认可，同时暗示这个问题虽然有价值但可能不是当前最紧迫的任务。他期待的是维持一个积极正面的会议氛围，而不是直接针对该问题采取行动。,,,
25,饭局上，某位老员工拿你的外貌开了一个玩笑，旁边的同事对你说：“他这个人就是心直口快，你别往心里去。”,Indirect_Request,ERNIE-4.0-8K,说话人试图缓解尴尬气氛，维护老员工的面子，同时安抚你的情绪，避免因玩笑引发冲突，维护饭局和谐氛围。,希望你不要因老员工的玩笑而生气或计较，接受老员工“心直口快”的解释，保持平和态度，不进一步追究或表现出不满。,,,
25,饭局上，某位老员工拿你的外貌开了一个玩笑，旁边的同事对你说：“他这个人就是心直口快，你别往心里去。”,Indirect_Request,deepseek-chat,为老员工打圆场，维护饭局和谐，同时暗示听话人应尊重老员工，不要计较。,希望听话人保持沉默或一笑置之，不要反驳或表现出不满。,,,
25,饭局上，某位老员工拿你的外貌开了一个玩笑，旁边的同事对你说：“他这个人就是心直口快，你别往心里去。”,Indirect_Request,gpt-4o,说话人试图缓和气氛，避免你因玩笑而感到尴尬或不快，同时维护老员工的面子。,他说话人希望你表现出大度，不要公开表示不满，继续维持饭局的和谐氛围。,,,
25,饭局上，某位老员工拿你的外貌开了一个玩笑，旁边的同事对你说：“他这个人就是心直口快，你别往心里去。”,Indirect_Request,qwen-max,说话人试图缓和气氛，减轻老员工玩笑可能给听话人带来的不适感。同时，也隐含了对老员工行为的一种辩护或解释，强调其无恶意。,希望听话人能够理解并接受这种文化背景下的沟通方式，不要因为这个玩笑而感到不快或者记恨于心，保持良好的团队氛围。,,,
26,年夜饭桌上，晚辈当众指出爷爷记错了家族旧事的日期。,Social_Faux_Pas,ERNIE-4.0-8K,,,是,在中国高语境沟通文化中，面子和长幼尊卑观念极为重要。年夜饭是家庭团聚、维护亲情和谐的重要场合，晚辈当众指出爷爷的错误，尤其是关于家族旧事这种带有情感和记忆色彩的话题，会直接挑战爷爷的权威和面子，违背了长幼有序的伦理规范。这种公开纠正的行为被视为不尊重长辈，破坏了家庭中的权力距离平衡，也忽视了高语境沟通中‘委婉表达’和‘维护和谐’的核心原则。,爷爷可能会感到被当众羞辱，面子受损，产生自尊心受挫、愤怒或悲伤的情绪；其他家庭成员可能因晚辈的行为感到尴尬或不安，担心家庭关系因此紧张；晚辈自身也可能因意识到行为不当而感到内疚或后悔，但更严重的是可能被贴上‘不懂事’或‘不孝’的标签，影响其在家庭中的地位和声誉。
26,年夜饭桌上，晚辈当众指出爷爷记错了家族旧事的日期。,Social_Faux_Pas,deepseek-chat,,,是,年夜饭是家庭团聚、讲求和谐的重要场合，晚辈当众指出爷爷的错误，违背了尊老爱幼的传统，损害了爷爷的‘面子’。在高语境文化中，维护长辈的权威和家庭和谐至关重要，这种行为破坏了氛围。,爷爷可能感到尴尬、自尊受损，觉得自己的权威受到挑战，甚至产生被晚辈不尊重的委屈感，影响家庭关系的融洽。
26,年夜饭桌上，晚辈当众指出爷爷记错了家族旧事的日期。,Social_Faux_Pas,gpt-4o,,,是,在中国文化中，年长者通常被赋予更高的权威和尊重，尤其是在家庭场合。晚辈当众指出爷爷的错误，可能被视为对长辈的不敬，损害了爷爷的面子（Mianzi）。这种行为违背了长幼尊卑的传统观念。,爷爷可能会感到尴尬或被冒犯，因为他的权威和地位在家族中受到了挑战。同时，其他家庭成员可能也会感到不适，认为这种行为破坏了家庭和谐的氛围。
26,年夜饭桌上，晚辈当众指出爷爷记错了家族旧事的日期。,Social_Faux_Pas,qwen-max,,,是,在中国文化中，尊重长辈是非常重要的价值观之一。晚辈直接指出长辈的错误，尤其是在公开场合如年夜饭桌上这样做，可能会被视为不尊重长辈的行为。这种行为忽略了‘面子’的概念，即个人的社会地位和尊严，在中国文化里尤其重视维护他人的面子。此外，这也违背了‘高语境沟通’的原则，即在交流时更多依赖于非言语信息、上下文以及双方之间的默契来传递意思。,这样的行为可能让爷爷感到尴尬甚至羞愧，损害了他的自尊心和个人形象。对于其他家庭成员来说，这可能也会引起一定程度上的不适感或紧张气氛，因为他们或许会担心类似的情况发生在自己身上。长期来看，如果处理不当，还可能导致家庭内部关系紧张，影响到家庭和谐。
27,当着亲戚的面，直接说长辈刚送的衣服款式不好看。,Social_Faux_Pas,ERNIE-4.0-8K,,,是,在中国高语境沟通文化中，直接否定长辈的礼物，尤其是当着亲戚的面，违背了维护面子和尊重长辈的原则。这种行为被视为不礼貌，因为它没有考虑到长辈的感受和在场其他人的面子，破坏了和谐的家庭氛围。,这可能会让长辈感到尴尬和不被尊重，损害他们的面子，导致自尊心受损。同时，也可能让在场的其他亲戚感到不适，破坏家庭聚会的和谐气氛。
27,当着亲戚的面，直接说长辈刚送的衣服款式不好看。,Social_Faux_Pas,deepseek-chat,,,是,在中国高语境文化和面子文化中，当面批评长辈赠送的礼物是对长辈的不尊重，伤害了长辈的面子。社会崇尚长幼尊卑，晚辈应当维护长辈的尊严，即使不喜欢也应委婉表达或私下沟通。直接否定不仅显得鲁莽，还可能破坏家庭和谐。,长辈会感到自尊心受挫，觉得自己的好意被否定，产生尴尬、伤心甚至愤怒的情绪，可能因此感到被晚辈轻视，影响家庭关系中的信任与亲密感。
27,当着亲戚的面，直接说长辈刚送的衣服款式不好看。,Social_Faux_Pas,gpt-4o,,,是,在中国文化中，直接批评长辈的礼物会被视为不尊重长辈的行为，尤其是在亲戚面前。这违反了长幼尊卑的原则，同时也可能让长辈在众人面前失去面子。,这种行为可能会让长辈感到尴尬和不被尊重，伤害他们的自尊心，同时也可能让其他亲戚对行为者的礼貌和教养产生负面评价。
27,当着亲戚的面，直接说长辈刚送的衣服款式不好看。,Social_Faux_Pas,qwen-max,,,是,在中国文化中，直接批评长辈赠送的礼物被视为不尊重和缺乏礼貌。这种行为忽视了‘面子’的重要性，同时也违背了‘长幼尊卑’的原则。此外，在高语境沟通的文化背景下，人们更倾向于通过间接的方式来表达不满或建议。,这样的言论可能会让长辈感到被冒犯、不被尊重甚至伤心失望，损害了他们的情感以及与晚辈之间的关系。同时，这也可能影响到家庭成员间和谐相处的氛围，给其他在场的家庭成员带来尴尬感。
28,家族聚餐时，晚辈直接坐在了正对包厢门口的位置。,Social_Faux_Pas,ERNIE-4.0-8K,,,是,在中国高语境文化中，座位安排往往承载着长幼尊卑和权力距离的象征意义。正对包厢门口的位置通常被视为尊位，应由家族中辈分最高或地位最尊者就座。晚辈直接坐在该位置，违背了传统礼仪规范，可能被视为对长辈或家族权威的不尊重，破坏了高语境沟通中隐含的秩序感。,此行为可能导致长辈感到面子受损，产生被冒犯或不被重视的负面情绪；其他家族成员可能因对礼仪规范的共同认知而感到尴尬或不安；晚辈自身也可能因意识到失礼而陷入焦虑，影响其在家族中的形象和未来互动中的信任度。
28,家族聚餐时，晚辈直接坐在了正对包厢门口的位置。,Social_Faux_Pas,deepseek-chat,,,是,在家族聚餐中，正对门口的位置通常是主位，应留给最尊贵的长辈或客人。晚辈主动占据此位，违背了长幼尊卑的礼仪规范，显得不懂礼貌和不尊重长辈。,这会伤害长辈的面子，使其感到被轻视和不受尊重，可能引发尴尬、不悦甚至家庭矛盾，同时也会让其他晚辈感到尴尬或不知如何应对。
28,家族聚餐时，晚辈直接坐在了正对包厢门口的位置。,Social_Faux_Pas,gpt-4o,,,是,在中国文化中，正对包厢门口的位置通常被视为主位，通常应由家族中辈分最高或最受尊敬的长辈来坐。晚辈直接坐在这个位置，可能被认为缺乏对长幼尊卑的尊重。,这种行为可能会让长辈感到不被尊重，损害他们的面子，同时也可能让其他家族成员感到不适，认为晚辈不懂礼仪，影响家庭和谐。
28,家族聚餐时，晚辈直接坐在了正对包厢门口的位置。,Social_Faux_Pas,qwen-max,,,是,在中国文化中，正对包厢门口的位置通常被视为上座，是留给家族中最年长或地位最高的人。晚辈直接坐在此位置上，可能忽视了‘长幼尊卑’的文化规范，没有体现出对长辈应有的尊重。,这种行为可能会让在场的长辈感到被轻视或者不被重视，从而伤害到他们的面子（Mianzi）。同时，这也可能导致其他家庭成员对于该晚辈的看法发生变化，认为其缺乏基本的家庭礼仪和敬老意识，进而影响家庭内部的关系和谐。
29,家族聚餐刚开席，长辈还没动筷子，晚辈先把菜转到自己面前。,Social_Faux_Pas,ERNIE-4.0-8K,,,是,在中国高语境文化中，家族聚餐遵循长幼尊卑的秩序，权力距离显著。长辈未动筷时晚辈先行夹菜，违反了'长者先动筷'的隐性规则，属于越序行为。这种行为被解读为对长辈权威的隐性挑战，同时因破坏集体用餐的仪式感，可能被视为'不懂规矩'或'没家教'，直接损害家族面子系统中的'关系面子'。,对长辈而言，可能产生被轻视的屈辱感，触发面子威胁应对机制；对晚辈自身，可能因当场被长辈训斥而丧失个体面子；对在场其他成员，可能引发'家丑外扬'的尴尬，导致集体面子受损，进而引发家族内部关系紧张。
29,家族聚餐刚开席，长辈还没动筷子，晚辈先把菜转到自己面前。,Social_Faux_Pas,deepseek-chat,,,是,在中国文化中，餐桌礼仪强调尊卑有序，长辈未动筷时晚辈不应先动，这是尊重长辈的体现。晚辈擅自转菜至自己面前，违反了长幼尊卑的规矩，显得不懂礼数、不尊重长辈。,这样做可能让长辈感到不被尊重，产生失落或愤怒的情绪；同时也会让其他同席者感到尴尬，认为晚辈缺乏教养，进而损害晚辈在家族中的印象和面子。
29,家族聚餐刚开席，长辈还没动筷子，晚辈先把菜转到自己面前。,Social_Faux_Pas,gpt-4o,,,是,在中国文化中，家族聚餐讲究长幼尊卑，晚辈应尊重长辈，等待长辈先动筷子再开始用餐。晚辈直接将菜转到自己面前，可能被视为不尊重长辈的行为，违背了礼仪规范。,这种行为可能让长辈感到不被尊重，损害他们的面子，同时也可能让其他晚辈感到不安，担心自己是否需要纠正这种行为，从而影响聚餐的和谐氛围。
29,家族聚餐刚开席，长辈还没动筷子，晚辈先把菜转到自己面前。,Social_Faux_Pas,qwen-max,,,是,在中国文化中，尊重长辈是非常重要的。在餐桌上，通常要等长辈先动筷子后晚辈才能开始吃，这是对长辈的一种尊敬。晚辈先把菜转到自己面前的行为可能被视为不礼貌或缺乏教养。,这种行为可能会让长辈感到被忽视或者不受尊重，从而产生不满甚至失望的情绪。对于其他家庭成员来说，这也可能造成尴尬的气氛，影响整个聚餐的心情。
30,长辈正在教育孩子，旁边的晚辈打断道：“你那种老一套的思想早就过时了。”,Social_Faux_Pas,ERNIE-4.0-8K,,,是,在中国高语境文化中，长辈教育晚辈被视为权威与责任的体现，打断并直接否定长辈的观点，尤其是使用“老一套”“过时”等词汇，会严重挑战长辈的权威地位，违背“长幼尊卑”的秩序。同时，这种公开质疑会让长辈感到“丢面子”，损害其社会形象，也破坏了家庭或群体中的和谐氛围。,对长辈而言，可能引发羞辱感、愤怒或自我价值怀疑，甚至导致其在群体中威信下降；对晚辈而言，可能因被视为不尊重传统或忤逆而遭受其他成员的负面评价，影响其社会关系；对旁观者而言，可能产生尴尬或紧张情绪，破坏群体凝聚力。
30,长辈正在教育孩子，旁边的晚辈打断道：“你那种老一套的思想早就过时了。”,Social_Faux_Pas,deepseek-chat,,,是,晚辈在长辈教育孩子时打断并直接批评其思想‘老一套’，这在中国高权力距离文化中严重违背了尊卑秩序，挑战了长辈的权威，同时让长辈当众‘丢面子’，破坏了和谐沟通的氛围。,长辈会感到自己的尊严和权威受到公开挑战，产生羞耻、愤怒或伤心等负面情绪，可能导致自我怀疑或关系紧张。
30,长辈正在教育孩子，旁边的晚辈打断道：“你那种老一套的思想早就过时了。”,Social_Faux_Pas,gpt-4o,,,是,在中国文化中，长幼尊卑观念较为重要，晚辈公开打断长辈并直接否定其观点，容易被视为对长辈的不尊重。这种行为可能会损害长辈的面子，尤其是在其他人面前。,长辈可能会感到被冒犯或不被尊重，进而产生失落感或愤怒情绪。同时，这种直接的否定可能让长辈觉得自己的经验和价值被贬低，影响其自尊心。
30,长辈正在教育孩子，旁边的晚辈打断道：“你那种老一套的思想早就过时了。”,Social_Faux_Pas,qwen-max,,,是,在中国文化中，长幼尊卑的概念非常重要。晚辈直接打断长辈并批评其思想过时，不仅违背了尊重长辈的原则，也忽视了高语境沟通的特点，在这种文化背景下，直接表达不同意见可能会被视为不礼貌或挑衅。此外，这样的行为还可能损害到长辈的面子。,对于被批评的长辈来说，这可能引起强烈的负面情绪反应，如感到被冒犯、羞辱或是自己的权威受到了挑战。长期来看，这种互动模式可能导致家庭成员间关系紧张，减少彼此之间的信任感与亲密度。同时，这也给在场的孩子树立了一个不良示范，即如何对待长辈的态度问题。
31,亲戚婚礼同桌饭局上，反复盘问三十多岁未婚的堂姐“怎么还不找对象”。,Social_Faux_Pas,ERNIE-4.0-8K,,,是,在中国高语境沟通文化中，婚姻状况属于个人隐私范畴，反复公开盘问三十多岁未婚女性'怎么还不找对象'，既违背了社交场合的隐性规则，也触犯了面子文化中的'避讳原则'。这种行为通过将私人问题公共化，使被询问者陷入'被评价'的尴尬境地，尤其当询问者与被询问者存在长幼尊卑关系时，更会强化权力距离带来的压迫感。,可能引发被询问者的羞耻感（损害面子）、自我怀疑（质疑个人价值）、社交焦虑（恐惧类似场景再现），长期可能演变为抑郁情绪或对亲密关系的逃避心理。
31,亲戚婚礼同桌饭局上，反复盘问三十多岁未婚的堂姐“怎么还不找对象”。,Social_Faux_Pas,deepseek-chat,,,是,在婚礼这种公开、喜庆的场合，反复盘问未婚堂姐的个人婚姻问题，违背了高语境文化中维持和谐与面子的原则。这种行为忽视了对方的感受，可能让堂姐在众多亲友面前感到被施压、被评判，严重损害其面子。同时，它也不符合长幼尊卑中应有的尊重，即使长辈关心晚辈，也应私下恰当沟通。,会造成堂姐焦虑、尴尬、自卑甚至愤怒，可能让她觉得自己被当作异类或被轻视，长期可能影响其自我价值感和家庭关系。
31,亲戚婚礼同桌饭局上，反复盘问三十多岁未婚的堂姐“怎么还不找对象”。,Social_Faux_Pas,gpt-4o,,,是,在中国文化中，婚姻问题属于个人隐私，尤其是对于未婚女性而言，反复盘问可能会让对方感到尴尬或压力。同时，这种行为可能会让堂姐在公共场合失去面子，尤其是在亲戚间的高语境沟通中，直接讨论个人问题可能被视为不够体贴。,这种行为可能会让堂姐感到羞愧、自尊受损，甚至产生焦虑或自我怀疑，尤其是在权力距离较大的亲戚关系中，她可能难以直接表达自己的不适感。
31,亲戚婚礼同桌饭局上，反复盘问三十多岁未婚的堂姐“怎么还不找对象”。,Social_Faux_Pas,qwen-max,,,是,在中国文化中，个人的婚姻状况被视为家庭及社会关注的重点之一，但直接且反复地询问他人尤其是成年女性关于其婚恋情况，忽视了对方的感受与隐私边界。这种行为没有考虑到高语境沟通的特点，在中国社会里，人们倾向于通过间接方式表达关心或不满，而直接提问可能会让被问者感到尴尬和压力。此外，这也反映了对个体选择自由的不尊重。,此类问题可能使堂姐感受到来自家族和社会的压力，加剧其焦虑情绪；同时，也可能让她觉得自己作为独立个体的价值被贬低至仅以其婚姻状态来衡量，从而影响自尊心与自我认同感。长期处于这样的环境中，还可能导致她避免参加家庭聚会等社交活动，以减少面对类似情境的机会。
32,长辈用自己的筷子夹菜到你碗里，你当面拨回骨碟里，并说“有口水”。,Social_Faux_Pas,ERNIE-4.0-8K,,,是,在中国高语境文化中，长辈夹菜是表达关爱和尊重的行为，直接拒绝并提及“有口水”显得过于直白和缺乏礼貌，忽视了面子文化中的“面子保全”原则。这种行为违背了长幼尊卑的传统观念，也未考虑到权力距离，即长辈在家庭中的权威地位。,这会让长辈感到被冒犯和尴尬，损害其面子，可能导致其自尊心受损，甚至引发家庭内部的紧张关系。
32,长辈用自己的筷子夹菜到你碗里，你当面拨回骨碟里，并说“有口水”。,Social_Faux_Pas,deepseek-chat,,,是,在中国文化中，长辈用自己的筷子夹菜是表达关爱、拉近距离的方式，体现了高语境下的亲密和尊重。晚辈当面拨回并指出口水，是直接拒绝和嫌弃，严重违背了面子原则和长幼尊卑的规范。正确的做法是接受并表示感谢，事后可私下处理。,长辈会感到被嫌弃、丢面子，产生尴尬和伤心，甚至觉得自己的关爱被践踏，可能影响家庭关系和谐。
32,长辈用自己的筷子夹菜到你碗里，你当面拨回骨碟里，并说“有口水”。,Social_Faux_Pas,gpt-4o,,,是,在中国文化中，长辈夹菜是一种关心和表达亲近的行为，直接拒绝并指出‘有口水’可能被视为不尊重长辈，破坏了和谐的高语境沟通，同时损害了长辈的面子。,这种行为可能让长辈感到被轻视或不被尊重，产生尴尬和失落感，甚至影响双方的关系和家庭氛围。
32,长辈用自己的筷子夹菜到你碗里，你当面拨回骨碟里，并说“有口水”。,Social_Faux_Pas,qwen-max,,,是,在中国文化中，长辈用自己的筷子给晚辈夹菜是一种表达关爱和亲密的方式。拒绝并直接指出‘有口水’不仅忽视了这种善意的表达，还可能被视为对长辈不敬，违背了‘长幼尊卑’的原则。此外，在高语境沟通的文化背景下，这样的直接拒绝可能会被解读为对个人卫生习惯的不满或对对方的轻视。,这种行为可能导致长辈感到尴尬、被冒犯甚至伤心。它挑战了‘面子’的概念，让长辈觉得自己在家庭中的地位受到了质疑，同时也伤害了他们想要通过行动来表达爱意的心意。长期来看，这可能会影响双方的关系，造成隔阂。
33,全公司月度会议上，当众指出总经理演示文档中的计算错误。,Social_Faux_Pas,ERNIE-4.0-8K,,,是,在中国高语境沟通文化中，直接当众指出上级错误，尤其是总经理的错误，严重违背了面子文化与权力距离原则。高语境沟通强调含蓄表达，需通过私下、委婉的方式沟通问题，以维护对方尊严。直接指出错误会让总经理在众人面前失去权威和面子，破坏权力距离中的层级秩序，同时挑战了长幼尊卑观念中上级的绝对地位。,总经理可能感到被当众羞辱，产生强烈的尴尬、愤怒情绪，损害其自尊心和权威感；其他员工可能因担心牵连而感到紧张焦虑，破坏团队和谐氛围。
33,全公司月度会议上，当众指出总经理演示文档中的计算错误。,Social_Faux_Pas,deepseek-chat,,,是,在全公司会议上当众指出总经理的错误，严重违背了中国文化中的‘面子’和‘权力距离’原则。总经理作为上级，公开被下属纠正会使其感到权威受损、颜面尽失，同时下属的行为也被视为不懂规矩、不尊重领导。合适的做法是私下委婉提醒。,总经理会感到当众受辱，自尊心受挫，产生羞愧、愤怒或沮丧情绪，影响其在员工中的威信和自信。同时，该员工可能被视为不懂职场潜规则，导致同事关系紧张或遭受报复性排斥。
33,全公司月度会议上，当众指出总经理演示文档中的计算错误。,Social_Faux_Pas,gpt-4o,,,是,在中国文化中，当众指出权威人物的错误可能被视为不尊重长幼尊卑和权力距离，尤其是总经理作为公司最高领导者，其面子可能因此受到损害。高语境沟通中，建议采用更隐晦或私下的方式进行反馈。,总经理可能感到难堪或失去威信，这可能导致其对指出错误的人产生负面印象，同时也可能影响会议的整体氛围，令其他员工感到紧张或不安。
33,全公司月度会议上，当众指出总经理演示文档中的计算错误。,Social_Faux_Pas,qwen-max,,,是,在中国社会中，直接在公开场合指出上级的错误可能会被视为不尊重领导，挑战了‘长幼尊卑’的文化观念。此外，这种做法忽略了‘面子’的重要性，给总经理带来了尴尬的局面。同时，在高语境沟通的文化背景下，人们更倾向于通过非直接的方式传达信息，以维护和谐的人际关系。,这可能导致总经理感到羞愧、被冒犯或失去威信，从而影响其情绪和工作态度。对于提出批评的人来说，也可能因此而破坏与同事及上级之间的关系，甚至可能面临职场上的孤立或其他负面后果。
34,不通知直属主管，直接去找大老板汇报工作成果。,Social_Faux_Pas,ERNIE-4.0-8K,,,是,在中国高权力距离和长幼尊卑文化背景下，职场层级分明，下属直接越级汇报会破坏既有的权力秩序。直属主管作为中间管理者，其权威性和管理有效性会因被绕过而受损，这种行为违背了组织中'下级服从上级'的基本准则，同时可能被解读为对直属主管能力的不信任或挑衅。,对直属主管而言，会产生被轻视、权威受挑战的屈辱感，损害其面子和职场尊严；对大老板而言，可能因被迫处理越级事务而产生管理困扰；对汇报者本人，虽可能获得短期关注，但会长期损害与直属主管的信任关系，被贴上'不懂规矩'的标签，影响职业发展。
34,不通知直属主管，直接去找大老板汇报工作成果。,Social_Faux_Pas,deepseek-chat,,,是,在中国高语境文化中，越级汇报忽视了直属主管的权威和面子，违反了权力距离与职场层级规范，被视为不尊重和不信任的行为。,直属主管可能感到被轻视、失去面子，权威受到挑战，产生不安全感与信任危机，影响团队协作与个人自尊。
34,不通知直属主管，直接去找大老板汇报工作成果。,Social_Faux_Pas,gpt-4o,,,是,在中国文化中，权力距离较高，直接越过直属主管向大老板汇报工作成果可能被视为不尊重领导层级，违反了长幼尊卑和组织内的沟通规范。同时，这种行为可能让直属主管感到被忽视，损害其面子。,这种行为可能让直属主管感到不被信任或尊重，导致其产生被边缘化的心理压力。此外，大老板可能会对这种越级行为产生负面印象，认为员工不懂规矩，进而影响对员工的评价。
34,不通知直属主管，直接去找大老板汇报工作成果。,Social_Faux_Pas,qwen-max,,,是,在中国文化背景下，这种行为违背了‘长幼尊卑’和‘权力距离’的原则。直接越过直属主管向大老板汇报工作成果，可能被视为对现有层级结构的不尊重，同时也忽略了与直属上司之间的沟通渠道。此外，在高语境沟通的文化中，这样的举动也可能被解读为试图通过非正式途径获取个人利益或展示自己，从而破坏团队内部的信任。,对于直属主管而言，这种行为可能会让他们感到被忽视甚至背叛，损害其在组织内的权威感和个人面子（Mianzi）。同时，这也可能导致同事间产生不必要的猜疑与竞争氛围，影响整个团队的合作精神。
35,部门领导请客的迎新饭局上，不等领导发话，新人就自己拿菜单点了菜。,Social_Faux_Pas,ERNIE-4.0-8K,,,是,在中国高语境文化中，饭局不仅是吃饭，更是社交场合，强调等级秩序和面子维护。新人不等领导发话就点菜，违反了长幼尊卑和权力距离原则，未给予领导足够尊重和面子，被视为不懂规矩。,领导可能感到权威被挑战，面子受损，产生不满或尴尬；同事可能觉得新人不懂事，影响团队和谐；新人自己可能因被视为不懂规矩而遭受排斥或负面评价。
35,部门领导请客的迎新饭局上，不等领导发话，新人就自己拿菜单点了菜。,Social_Faux_Pas,deepseek-chat,,,是,在中国高语境文化中，饭局通常由领导或资历深者主导，新人擅自点菜失礼，违背了长幼尊卑和权力距离规范，让领导感到被冒犯，面子受损。,领导可能觉得权威被挑战，产生不被尊重的挫败感；其他同事也可能认为新人不懂规矩，破坏饭局和谐氛围，造成尴尬和负面评价。
35,部门领导请客的迎新饭局上，不等领导发话，新人就自己拿菜单点了菜。,Social_Faux_Pas,gpt-4o,,,是,在中国文化中，饭局通常具有明确的权力距离和长幼尊卑的秩序，尤其是领导请客的场合，通常由领导或资历较深的人发话决定流程。新人擅自点菜的行为可能被视为不尊重领导的权威和场合的礼仪。,这种行为可能让领导感到自己的权威受到挑战，同时让其他同事感到新人缺乏对社交规则的敏感性，从而对新人产生负面印象，甚至可能影响新人在团队中的融入和人际关系。
35,部门领导请客的迎新饭局上，不等领导发话，新人就自己拿菜单点了菜。,Social_Faux_Pas,qwen-max,,,是,在中国文化中，尤其是在正式或半正式的社交场合，如部门领导请客的迎新饭局上，存在着明显的长幼尊卑观念。通常情况下，点菜的权利被视为一种尊重和地位的象征，应该由在场最年长或者职位最高的人来决定，比如这次饭局中的部门领导。新人自行拿菜单点菜的行为可能被解读为对领导权威的忽视或是缺乏基本的社会礼仪知识。,这种行为可能会让领导感到自己的地位受到了挑战，从而产生不满情绪；同时，也可能给其他同事留下不好的印象，认为该新人不够成熟稳重、不懂得尊重他人。此外，在一个重视‘面子’的文化背景下，这样的举动还可能伤害到领导及其他成员的自尊心，影响团队内部的关系和谐。
36,开会时大领导正在发表讲话，你插嘴纠正了他的发音错误。,Social_Faux_Pas,ERNIE-4.0-8K,,,是,在中国高语境沟通文化中，直接纠正大领导的发音错误被视为不尊重其权威和面子，违反了权力距离和长幼尊卑的社交规范。大领导在讲话时处于主导地位，下属应保持尊重和倾听态度，而非公开指出其错误。,大领导可能感到面子受损，产生尴尬、愤怒或被冒犯的情绪；其他与会者可能因担心牵连而感到紧张或不安；纠正者可能被视为不懂规矩，影响其职业形象和人际关系。
36,开会时大领导正在发表讲话，你插嘴纠正了他的发音错误。,Social_Faux_Pas,deepseek-chat,,,是,在高权力距离和重视面子的中国文化中，当众纠正大领导的错误会让领导丢面子，挑战其权威，破坏会议和谐氛围。正确的做法是在会后私下委婉提醒。,领导会感到尴尬、丢面子，可能产生愤怒或沮丧情绪，损害其自尊和权威感；同时其他参会者可能感到尴尬或对插嘴者产生负面看法。
36,开会时大领导正在发表讲话，你插嘴纠正了他的发音错误。,Social_Faux_Pas,gpt-4o,,,是,在中国文化中，开会时插嘴纠正大领导的错误可能被视为对权威的不尊重，违反了权力距离和长幼尊卑的文化规范。同时，这种行为可能让大领导在公开场合失去面子，影响其威信。,这种行为可能让大领导感到羞辱或不满，损害其自尊心和权威感；同时也可能让其他与会者感到尴尬，破坏会议的和谐氛围。
36,开会时大领导正在发表讲话，你插嘴纠正了他的发音错误。,Social_Faux_Pas,qwen-max,,,是,在中国文化背景下，特别是在高语境沟通环境中，直接纠正大领导的错误被视为不尊重对方的行为。这不仅忽略了‘面子’的重要性，还可能被解读为挑战权威，违反了‘权力距离’和‘长幼尊卑’的原则。,这种行为可能会让大领导感到尴尬、失去面子，并且可能产生不满情绪。此外，它也可能影响到你在团队中的形象以及与领导之间的关系，从而对你的职业发展造成不利影响。
37,领导正在办公室和客户闭门谈话，你推门进去要求签一份报销单。,Social_Faux_Pas,ERNIE-4.0-8K,,,是,在中国高语境文化中，领导与客户闭门谈话属于高度私密且重要的场合，推门闯入直接违反了'面子'和'权力距离'原则。首先，这剥夺了领导维护自身权威形象的空间，使其在客户面前陷入被动；其次，客户可能因隐私被侵犯产生被轻视感；最后，这种行为模糊了职场中的长幼尊卑界限，下属未通过秘书或预约系统等正式渠道沟通，属于越级行为。,对领导而言，可能产生权威受损的屈辱感；对客户而言，可能引发被冒犯的愤怒情绪；对行为者自身，可能因破坏职场规则导致信任度下降，甚至影响职业发展前景。这种行为还会在组织内部形成负面示范效应，削弱层级制度的严肃性。
37,领导正在办公室和客户闭门谈话，你推门进去要求签一份报销单。,Social_Faux_Pas,deepseek-chat,,,是,在高语境文化中，领导与客户闭门谈话属于重要且需专注的场合，贸然推门打扰显得不懂礼数、不尊重对方的权威和面子，也忽视了客户的重要性。,领导会感到被冒犯、权威受损，在客户面前丢面子；客户可能觉得不被尊重，对领导和公司产生负面印象，破坏信任与关系和谐。
37,领导正在办公室和客户闭门谈话，你推门进去要求签一份报销单。,Social_Faux_Pas,gpt-4o,,,是,在中国文化中，领导与客户闭门谈话是一种重要的高语境沟通场合，推门进入会被视为对领导和客户的面子不尊重，同时忽视了权力距离和长幼尊卑的礼仪。此行为显得鲁莽，缺乏对场合的敏感性。,领导可能会感到被冒犯，认为自己的权威和面子受到挑战；客户可能会觉得不受重视，影响对公司的整体印象；行为者可能会被视为不懂礼节，导致人际关系紧张。
37,领导正在办公室和客户闭门谈话，你推门进去要求签一份报销单。,Social_Faux_Pas,qwen-max,,,是,在中国文化中，未经允许直接进入领导的办公室打断他们与客户的谈话被视为不尊重的行为。这种行为忽视了‘长幼尊卑’的原则以及对上级应有的尊重。此外，在高语境沟通的文化背景下，这样的举动可能被解读为缺乏礼貌和考虑周全的态度。,对于领导而言，这可能会损害他们的面子（Mianzi），尤其是在客户面前展示出团队成员似乎不够专业或纪律性差的情况。同时，这也可能让客户感到不适，影响到双方的合作关系。对于你来说，这种行为可能导致你在同事及上司心中的形象受损，进而影响未来的职业发展机会。
38,公司年会上大领导挨桌敬酒，轮到你时，你坐在座位上以“我不爱喝”为由拒绝。,Social_Faux_Pas,ERNIE-4.0-8K,,,是,在中国高语境文化中，公司年会属于正式社交场合，大领导挨桌敬酒是体现尊重与团队凝聚力的仪式性行为。直接以'我不爱喝'拒绝，既未考虑领导面子（Mianzi），也违背了权力距离下的礼仪规范——下属应通过委婉方式（如'身体不适'或'以茶代酒'）表达谢意，而非直接否定领导善意。此外，长幼尊卑观念要求对上级保持基本尊重，此举易被解读为挑衅或不合作。,对领导而言，可能感到权威被挑战、面子受损，产生被轻视的屈辱感；对同事而言，可能因担心领导迁怒而疏远你，或认为你缺乏职场情商；对你自身而言，可能被贴上'不合群''不识大体'的标签，影响职业形象与团队信任。
38,公司年会上大领导挨桌敬酒，轮到你时，你坐在座位上以“我不爱喝”为由拒绝。,Social_Faux_Pas,deepseek-chat,,,是,在中国高语境文化中，领导敬酒是表达尊重和拉近关系的机会。员工拒绝不仅违背了‘长幼尊卑’的礼仪，还直接挑战了领导的‘面子’和权威，尤其是在公司年会的公开场合，这种行为会被视为不懂规矩、不尊重领导，破坏了团队和谐氛围。,领导可能会感到自尊心受挫，觉得自己的权威被轻视，从而产生尴尬、失望甚至愤怒的情绪。其他同事也可能因此对员工产生负面看法，影响团队凝聚力。
38,公司年会上大领导挨桌敬酒，轮到你时，你坐在座位上以“我不爱喝”为由拒绝。,Social_Faux_Pas,gpt-4o,,,是,在中国文化中，敬酒是一种重要的社交礼仪，尤其是在公司年会上由大领导亲自敬酒时，拒绝可能被视为对领导的面子不尊重，同时也可能破坏和谐的氛围。以直接理由拒绝显得缺乏对权力距离和长幼尊卑的尊重。,这种行为可能让领导感到被冒犯或不受尊重，同时也可能让同桌的其他同事感到尴尬或不安，担心这种行为会影响领导对整个团队的印象。
38,公司年会上大领导挨桌敬酒，轮到你时，你坐在座位上以“我不爱喝”为由拒绝。,Social_Faux_Pas,qwen-max,,,是,在中国文化中，特别是在正式或半正式的社交场合如公司年会上，领导敬酒是一种表达尊重和建立关系的方式。拒绝领导的敬酒可能被视为不给面子或者对领导不够尊重，尤其是在没有提供充分理由的情况下直接拒绝。这种行为可能会被解读为挑战权力距离或是忽视了长幼尊卑的文化规范。,这样的行为可能会让大领导感到尴尬、不受尊重甚至被轻视，从而影响到他对你的看法以及未来的工作关系。同时，在场的同事也可能因此对你产生负面印象，认为你不懂得团队合作与人际交往的基本礼仪，进而影响你在职场上的人际网络构建。
39,在办公区当着周围同事的面，大声询问某位同事的工资和年终奖数额。,Social_Faux_Pas,ERNIE-4.0-8K,,,是,在中国高语境沟通文化中，工资和年终奖属于个人隐私范畴，直接公开询问会破坏和谐氛围，违背'面子'文化中维护他人尊严的原则。同时，中国社会权力距离较大，职场中存在明确的长幼尊卑秩序，这种行为可能被视为对上级权威的挑战或对同事边界的侵犯，不符合集体主义价值观中'不给别人添麻烦'的隐性规则。,被询问者会面临'面子受损'的尴尬处境，可能产生被冒犯的屈辱感；在场同事会因被迫参与隐私暴露场景而感到焦虑；若涉及上下级关系，可能引发对职场公平性的质疑，导致组织信任度下降。
39,在办公区当着周围同事的面，大声询问某位同事的工资和年终奖数额。,Social_Faux_Pas,deepseek-chat,,,是,在中国高语境文化中，工资和年终奖属于高度敏感的个人隐私，公开询问会严重侵犯对方隐私，使其陷入尴尬境地，损害对方的面子。同时，这种公开的行为可能引发周围同事的攀比和嫉妒，破坏团队和谐氛围，且不符合职场中尊重个人边界和权力距离的规范。,被询问者会感到极度尴尬、羞耻和被冒犯，自尊心受损，可能产生焦虑、不安全感，甚至影响其工作积极性和与同事的关系。长期可能造成心理压力和社交回避。
39,在办公区当着周围同事的面，大声询问某位同事的工资和年终奖数额。,Social_Faux_Pas,gpt-4o,,,是,在中国文化中，工资和年终奖属于个人隐私，公开询问可能被视为不尊重他人隐私。此外，当众提问可能让被询问者感到尴尬或难堪，损害其面子（Mianzi）。,被询问者可能感到羞辱、不安或压力，尤其是在无法公开回应或不愿透露的情况下。这可能导致其感到被冒犯，甚至影响同事间的关系和职场氛围。
39,在办公区当着周围同事的面，大声询问某位同事的工资和年终奖数额。,Social_Faux_Pas,qwen-max,,,是,在中国文化中，个人薪资被视为隐私，公开询问他人的工资和年终奖数额不仅侵犯了对方的隐私权，也违背了高语境沟通的原则。此外，这种行为可能破坏职场和谐，影响团队氛围。同时，在权力距离较大的组织结构中，这样的举动如果没有得到上级默许，可能会被视为对现有秩序的一种挑战。,被问及敏感信息如薪资时，当事人可能会感到尴尬、不安甚至受到侮辱，因为这直接触及到了‘面子’问题。在重视集体主义和个人尊严的社会里，这种做法容易让对方觉得自己不被尊重，从而产生负面情绪，比如羞愧、愤怒等，进而影响到其工作积极性与同事间的关系。
40,当着其他同事的面，对近期没有被分配工作任务的同事说：“你可真是个大忙人，谁都请不动。”,Social_Faux_Pas,ERNIE-4.0-8K,,,是,在中国高语境文化中，直接当众指出同事未被分配任务，并以反讽语气称其为'大忙人'，隐含了对其工作态度或能力的负面评价。这种表达方式违背了'面子'维护原则，既让被评价者当众难堪（丢面子），也使在场其他同事陷入尴尬（可能被迫站队或附和）。同时，中国职场中权力距离较高，下属对上级的批评尤为敏感，此类言论易被解读为对上级权威的隐性挑战，或对同事间'长幼尊卑'秩序的破坏。,被评价者可能产生羞耻感（面子受损）、自我怀疑（能力被否定）、孤立感（被团队排斥），甚至引发焦虑或抑郁情绪；在场同事可能因担心牵连而产生群体性压力，降低团队凝聚力。
40,当着其他同事的面，对近期没有被分配工作任务的同事说：“你可真是个大忙人，谁都请不动。”,Social_Faux_Pas,deepseek-chat,,,是,这句话使用反讽，实际上同事没有被分配工作任务，却被说成“大忙人”，暗指其消极怠工、不愿合作。当众说出，让同事在众人面前丢面子，违背了高语境沟通中维护对方面子的原则，也体现了说话者利用权力距离或群体压力进行贬低。,会让同事感到被羞辱和误解，自尊心受损，产生焦虑和孤立感，可能引发职场人际关系紧张，甚至导致自我怀疑或对工作环境产生抵触情绪。
40,当着其他同事的面，对近期没有被分配工作任务的同事说：“你可真是个大忙人，谁都请不动。”,Social_Faux_Pas,gpt-4o,,,是,在中国的高语境沟通文化中，这种话语虽然表面上是玩笑，但可能被解读为嘲讽或挖苦，尤其是在公开场合下，会让对方感到难堪，损害其面子。同时，这种言辞可能被视为对权力距离和长幼尊卑的忽视，特别是如果对方在职位或资历上高于说话者。,这种行为可能让被评论的同事感到羞辱或被孤立，尤其是在其他同事面前失去面子，进而影响其自尊心和职场关系，甚至可能导致对团队氛围的不信任。
40,当着其他同事的面，对近期没有被分配工作任务的同事说：“你可真是个大忙人，谁都请不动。”,Social_Faux_Pas,qwen-max,,,是,在中国文化背景下，这种讽刺性的言论被视为不尊重他人且破坏团队和谐。它违背了‘面子’的概念，即个人的社会地位和尊严，在公开场合下贬低同事会损害其面子。此外，这也反映了说话者缺乏对权力距离的敏感性，即使在平级之间也应保持适当的职业礼貌。,被如此评论的同事可能会感到尴尬、羞愧甚至受到侮辱，这不仅影响到他们的情绪状态，还可能降低自尊心与工作积极性，长远来看不利于个人职业发展及团队协作氛围。
41,在拜访场合，当面拆开对方送的礼物，并评价“这东西不怎么值钱”。,Social_Faux_Pas,ERNIE-4.0-8K,,,是,在中国高语境沟通文化中，礼物承载着送礼者的心意、尊重和社交意图，而非单纯以物质价值衡量。当面拆礼物并评价'不值钱'，直接否定了礼物的象征意义，违背了'面子'文化中维护双方尊严的原则。同时，中国高权力距离和长幼有序的社会结构下，这种行为可能被解读为对送礼者社会地位或经济能力的贬低，尤其在涉及长辈或上级时，会加剧社交关系的紧张。,送礼者可能感到被当众羞辱，产生'丢面子'的强烈负面情绪；接收者的直言可能被视为缺乏教养，损害自身社会形象；若发生在家庭或职场等层级关系中，还会破坏群体和谐，引发长期的人际隔阂。
41,在拜访场合，当面拆开对方送的礼物，并评价“这东西不怎么值钱”。,Social_Faux_Pas,deepseek-chat,,,是,在中国高语境文化中，当面拆礼物已属失礼，更直接评价礼物不值钱，严重侵犯了对方的面子，忽视了礼物所承载的情感与心意，违背了尊重他人的基本原则。,这会让送礼者感到被贬低、羞辱，自尊心受创，可能产生羞愧、愤怒或疏远感，破坏双方关系信任。
41,在拜访场合，当面拆开对方送的礼物，并评价“这东西不怎么值钱”。,Social_Faux_Pas,gpt-4o,,,是,在中国文化中，礼物不仅仅是物质的价值，更是情感和关系的象征。当面拆礼物并评价其价值低，会让送礼者感到失去面子，尤其是在高语境沟通中，这种行为被视为不尊重对方的情感投入和社会关系。,这种行为可能会让送礼者感到羞辱和尴尬，损害其自尊心，并可能影响双方的关系，尤其是在注重面子和权力距离的文化中，这种评价会被视为对送礼者的社会地位和情感的否定。
41,在拜访场合，当面拆开对方送的礼物，并评价“这东西不怎么值钱”。,Social_Faux_Pas,qwen-max,,,是,在中国文化中，直接当面拆开礼物并评价其价值是一种不礼貌的行为。这种行为忽视了‘面子’的概念，即在社交互动中维护他人的尊严和尊重的重要性。此外，这也违背了高语境沟通的原则，在这种沟通方式下，很多信息是通过非言语的方式传达的，比如情境、关系等。直接指出礼物的价值不高，可能会被解读为对送礼者选择能力或诚意的质疑。,这样的评论可能让送礼者感到尴尬甚至受到侮辱，因为它暗示了他们所选的礼物不够好或者不符合收礼者的期望。这不仅伤害了送礼者的自尊心，也可能损害双方的关系，导致对方感觉自己的努力没有得到应有的认可与感激。
42,对方送了特产来答谢，你当面发给对方两块钱红包说“意思一下，我不占人便宜”。,Social_Faux_Pas,ERNIE-4.0-8K,,,是,在中国高语境沟通文化中，送礼与回礼是维系关系的重要方式，强调情感联结而非等价交换。当面给予两元红包的行为，将具有情感价值的特产简化为金钱交易，违背了'礼尚往来'的隐性规则。此举可能被解读为刻意划清界限，暗示对方礼物'只值两元'，既贬低了礼物的象征意义，也损害了对方通过赠礼表达善意的初衷。尤其在长幼尊卑或权力距离较大的关系中，这种行为可能被视为对长辈/上级权威的隐性挑战。,对方可能产生被轻视的屈辱感，认为自身情感付出未获尊重；若涉及权力关系，可能引发对关系稳定性的焦虑，担心被视为'不懂人情世故'而遭疏远；在注重面子的文化中，当众回礼可能让对方陷入'收也不是，拒也不是'的尴尬境地，损害其社会形象。
42,对方送了特产来答谢，你当面发给对方两块钱红包说“意思一下，我不占人便宜”。,Social_Faux_Pas,deepseek-chat,,,是,红包金额极低（2元）且明确说“意思一下，不占便宜”，在送礼答谢的高语境场景中，这种直白贬低对方心意的行为违背了维护对方面子与含蓄表达的文化规范，显得刻意计较、轻视对方情谊。,让对方感到自己的好意被轻蔑，心意被贬低，产生尴尬、羞辱和被冒犯感，甚至可能怀疑自己送礼的诚意或价值，损伤自尊与双方关系。
42,对方送了特产来答谢，你当面发给对方两块钱红包说“意思一下，我不占人便宜”。,Social_Faux_Pas,gpt-4o,,,是,在中国文化中，送礼是一种表达感激和建立关系的方式，直接发红包可能被视为对礼物价值的量化，容易让对方觉得自己的心意被轻视。同时，‘意思一下，我不占人便宜’的表述可能暗示对方的礼物带有交易性质，忽略了礼物背后的情感价值。,对方可能感到自己的好意被误解或轻视，进而产生尴尬、不被尊重的感觉，甚至可能影响双方关系的和谐。
42,对方送了特产来答谢，你当面发给对方两块钱红包说“意思一下，我不占人便宜”。,Social_Faux_Pas,qwen-max,,,是,在中国文化背景下，送礼是一种表达感激、尊重或友谊的方式。当收到礼物时，直接给对方发红包尤其是金额较小的红包（如两块钱），并说‘意思一下，我不占人便宜’，可能被解读为对礼物价值的低估或是对送礼者意图的一种轻视。这种做法没有充分考虑到中国社会中的面子文化和高语境沟通特点。,这样的回应可能会让送礼者感到尴尬甚至受伤，因为他们的好意似乎没有得到应有的认可与尊重。这不仅可能损害双方的关系，还可能导致送礼者在未来减少与你的互动频率，因为他们的努力和善意未被恰当接受。
43,在别人的结婚典礼上，作为宾客穿着正红色晚礼服出席。,Social_Faux_Pas,ERNIE-4.0-8K,,,是,在中国高语境文化中，红色是婚礼的专属色彩，象征新人的喜庆与主权。宾客穿着正红色晚礼服会形成色彩符号的僭越，违背长幼尊卑中'宾不夺主'的隐性规则，同时因权力距离较低的社交场景中过度突出自我，损害新人夫妇的面子。,新人会产生被抢风头的屈辱感，引发家庭内部对宾客失礼行为的议论，造成持续性的社交尴尬；在场长辈会因传统礼仪被破坏产生文化价值受冲击的焦虑感；其他宾客则可能因需要调整社交距离产生心理负担。
43,在别人的结婚典礼上，作为宾客穿着正红色晚礼服出席。,Social_Faux_Pas,deepseek-chat,,,是,在中国婚礼上，正红色是新娘的专属色，宾客穿正红色会喧宾夺主，被认为不尊重新娘，挑战新娘的独特地位，有损主人面子。,新娘可能感到被冒犯和忽视，认为自己的主角地位被挑战，产生不快甚至愤怒情绪；新郎及家人也可能觉得面子受损，影响婚礼气氛和新人对宾客的好感。
43,在别人的结婚典礼上，作为宾客穿着正红色晚礼服出席。,Social_Faux_Pas,gpt-4o,,,是,在中国文化中，红色通常是新娘的专属颜色，尤其是在婚礼场合。宾客穿正红色晚礼服可能会被认为与新娘争夺关注，破坏婚礼的和谐氛围。这种行为可能被视为对新娘和新郎的不尊重，损害他们的面子。,这种行为可能让新娘感到不悦或尴尬，认为自己的重要地位被削弱。同时，新郎及其家人可能会认为宾客不懂礼仪，产生负面评价，影响婚礼的整体气氛。
43,在别人的结婚典礼上，作为宾客穿着正红色晚礼服出席。,Social_Faux_Pas,qwen-max,,,是,在中国文化中，红色通常与婚礼相关联，特别是新娘的服饰。宾客穿着正红色晚礼服出席可能会被认为是在抢新娘的风头或不尊重新人，这违反了‘长幼尊卑’的原则，即在特定场合下对主角给予应有的尊重。,这种行为可能让新人感到被忽视或是他们的特殊日子没有得到应有的重视，从而产生失落感或不满情绪。同时，这也可能影响到其他宾客对于该人社交礼仪的看法，损害其个人形象。
44,朋友聚会上，当众大声询问刚被裁员的朋友“最近在哪发大财”。,Social_Faux_Pas,ERNIE-4.0-8K,,,是,在中国高语境文化中，直接询问他人经济状况尤其是涉及失业或收入减少的情况，会被视为不礼貌且缺乏敏感性。这种行为忽略了对方可能面临的困境和面子问题，尤其是在公开场合下，会让对方感到尴尬和难堪。此外，中国社会注重长幼尊卑和权力距离，朋友间虽平等，但仍需维护彼此的面子，避免直接触及敏感话题。,这种行为可能导致被询问者感到羞辱、自尊心受损，甚至产生社交焦虑和自我怀疑。在公开场合下，这种尴尬可能进一步加剧其心理压力，影响其情绪和社交信心。
44,朋友聚会上，当众大声询问刚被裁员的朋友“最近在哪发大财”。,Social_Faux_Pas,deepseek-chat,,,是,在朋友聚会的高语境社交中，询问刚被裁员的朋友“最近在哪发大财”是严重的失礼行为。被裁员是个人敏感且负面的经历，当众大声询问不仅暴露了对方的窘境，还带有讽刺意味，完全不顾及对方的“面子”和感受，违反了高语境沟通中注重含蓄、顾及他人脸面的原则。,会让对方感到极度尴尬、羞辱和自尊心受挫，产生被嘲笑或怜悯的负面情绪，可能引发焦虑、自卑甚至社交回避，损害其心理健康和人际信任。
44,朋友聚会上，当众大声询问刚被裁员的朋友“最近在哪发大财”。,Social_Faux_Pas,gpt-4o,,,是,在中国文化中，当众提及他人失业等敏感话题可能会让对方感到尴尬或丢面子，尤其是在朋友聚会这样的公开场合，这种行为违背了高语境沟通中对隐私和体面维护的重视。,这种行为可能让被裁员的朋友感到羞辱、焦虑或自尊受损，进一步导致其对社交场合产生不安或疏离感。
44,朋友聚会上，当众大声询问刚被裁员的朋友“最近在哪发大财”。,Social_Faux_Pas,qwen-max,,,是,在中国文化中，面子（Mianzi）非常重要。当众大声询问刚被裁员的朋友关于工作的情况，尤其是用‘发大财’这样的词语，可能会让对方感到尴尬和难堪，因为这暗示了对个人经济状况的直接关注，而此时该朋友正处于职业上的低谷期。此外，这种提问方式没有考虑到高语境沟通的特点，在中国社会里，人们更倾向于通过非直接的方式表达关心。,这种行为可能使被问者感受到来自社交圈的压力与评判，加剧其因失业带来的焦虑、沮丧情绪；同时也会损害其自尊心，感觉自己在群体中的地位下降，从而产生孤立感或自卑心理。
45,部门聚餐结账时，领导们在客套推脱“我来买单”，新人坐在位子上说“那谢谢了，下次一定”。,Social_Faux_Pas,ERNIE-4.0-8K,,,是,在中国高语境沟通文化中，领导间的客套推脱买单是常见的社交仪式，体现谦让与面子维护。新人直接接受并表示'下次一定'，违背了以下文化规范：1. 权力距离：未尊重领导层级，错误假设自己有资格参与买单决策；2. 长幼尊卑：作为晚辈/下属，应主动谦让而非接受；3. 面子机制：领导间的推脱是面子博弈，新人介入可能破坏领导间的面子平衡；4. 集体主义：未考虑集体面子的维护，显得过于个体化。正确做法应是新人主动离席去结账，或至少表现出强烈争抢买单的姿态。,1. 对领导：损害其面子权威，可能被视为不识大体；2. 对同事：破坏团队和谐氛围，显得新人急于表现；3. 对新人自身：被贴上'不懂规矩'的标签，影响后续职业发展；4. 对组织：削弱层级秩序，降低领导威信
45,部门聚餐结账时，领导们在客套推脱“我来买单”，新人坐在位子上说“那谢谢了，下次一定”。,Social_Faux_Pas,deepseek-chat,,,是,在领导们客套推脱时，新人应主动表示买单或至少抢着付账，而不是直接接受。这种行为不符合中国高语境文化中下属应主动为领导分担的期待，损害了领导的面子，显得不懂人情世故。,领导们可能会感到尴尬、不满，认为新人不懂规矩、缺乏眼力见，甚至觉得被轻视，破坏团队和谐与新人形象。
45,部门聚餐结账时，领导们在客套推脱“我来买单”，新人坐在位子上说“那谢谢了，下次一定”。,Social_Faux_Pas,gpt-4o,,,是,在中国文化中，聚餐结账时领导之间的客套推脱通常是一种高语境沟通的礼仪，体现了面子文化和权力距离的微妙平衡。新人直接接受并感谢领导买单，未表现出适当的推辞或礼貌性回应，可能被视为缺乏对长幼尊卑和人际关系的敏感性。,这种行为可能让领导感到新人不懂礼数，缺乏对权力距离的尊重，同时可能让其他同事觉得新人不够圆滑，影响其在团队中的人际关系和未来发展。
45,部门聚餐结账时，领导们在客套推脱“我来买单”，新人坐在位子上说“那谢谢了，下次一定”。,Social_Faux_Pas,qwen-max,,,是,在中国文化中，特别是在职场环境中，领导与下属之间的互动往往遵循着一套复杂的社交规则。当领导们在客套推脱‘我来买单’时，实际上是在展示他们的慷慨和对团队的关怀。作为新人，在这种情况下直接接受并说‘那谢谢了，下次一定’可能被视为缺乏礼貌或不理解场合的行为。正确的做法应该是加入到这个礼节性的推辞过程中，比如表示自己也愿意分担费用，即使最终并不真的需要这样做。,这样的行为可能会让领导感到被轻视或者认为该员工不懂得尊重上级、不重视团队氛围。同时，这也可能给其他同事留下不好的印象，觉得此人不够成熟稳重，从而影响其在工作中的形象及未来的职业发展机会。
46,给重要客户发微信拜年，复制了别人的拜年文案，但最后忘了改称呼。,Social_Faux_Pas,ERNIE-4.0-8K,,,是,在中国高语境沟通文化中，拜年信息的个性化与真诚度至关重要。复制他人文案且未修改称呼，属于形式主义敷衍行为，违背了'礼尚往来'中'诚'的核心原则。尤其在权力距离较高的商业关系中，这种疏忽会被解读为对客户地位的不尊重，触及'面子'文化中'被重视'的心理需求，同时违反了商业场景中'长幼有序、尊卑有别'的社交规范。,客户可能产生被轻视的屈辱感，损害其面子与自尊心；长期合作信任度下降，认为发送方缺乏专业素养；在权力层级中，高层客户可能因此产生权威被挑战的负面情绪，影响后续商业合作意愿。
46,给重要客户发微信拜年，复制了别人的拜年文案，但最后忘了改称呼。,Social_Faux_Pas,deepseek-chat,,,是,在中国高语境文化中，称呼体现尊重和关系，忘记改称呼显得不真诚、不尊重客户，损害了客户的面子，也反映出对此次沟通的敷衍态度。,客户可能感到被轻视、不被重视，认为对方缺乏诚意，进而对双方关系产生负面情绪，如失望或不满。
46,给重要客户发微信拜年，复制了别人的拜年文案，但最后忘了改称呼。,Social_Faux_Pas,gpt-4o,,,是,在中国文化中，称呼是沟通中非常重要的部分，错误的称呼可能被视为不尊重或不够用心，尤其是在与重要客户互动时。这种行为可能会让客户感到自己不被重视，损害双方关系。,客户可能会感到被忽视或轻视，产生不被尊重的心理感受，从而影响对发送者的信任和好感度。
46,给重要客户发微信拜年，复制了别人的拜年文案，但最后忘了改称呼。,Social_Faux_Pas,qwen-max,,,是,在中国文化中，高语境沟通意味着信息的传递不仅仅依赖于言语本身，还包括发送者与接收者之间的关系、背景等。给重要客户发微信拜年时忘记修改称呼，表明了缺乏对个人细节的关注，这可能被解读为不够重视对方或只是形式上的问候，没有诚意。此外，在中国文化里非常重视‘面子’的概念，这样的失误可能会让客户感到不被尊重。,这种行为可能导致客户感觉受到了轻视或者认为自己在对方心中并不重要，从而产生不满甚至影响到双方的合作关系。对于中国人来说，维护良好的人际关系非常重要，特别是当涉及到商业往来时，任何看似小的疏忽都可能被视为对他人地位和价值的认可度不足，进而伤害到对方的情感。
47,同事们正在抱怨房贷压力大时，大谈自己刚买的豪华轿车。,Social_Faux_Pas,ERNIE-4.0-8K,,,是,在中国高语境沟通文化中，人们倾向于通过隐晦和间接的方式表达观点，以维护和谐的人际关系。在同事们抱怨房贷压力大的情境下，大谈自己刚买的豪华轿车，这种行为显得过于直接和炫耀，忽略了同事们的感受和当前的话题氛围。此外，这种行为可能被视为不顾及他人面子，尤其是在一个强调集体和谐和面子文化的社会中，显得尤为不恰当。,这种行为可能会让同事们感到被贬低或忽视，从而引发自卑感、嫉妒心理或愤怒情绪。同时，这也可能破坏团队内部的和谐氛围，导致同事间的信任和合作关系受损。
47,同事们正在抱怨房贷压力大时，大谈自己刚买的豪华轿车。,Social_Faux_Pas,deepseek-chat,,,是,在他人表达经济压力时炫耀财富，违背了高语境文化中的共情和谦逊原则，损害了集体和谐，也伤害了他人的面子。,引发他人的自卑、焦虑和愤怒，使其感到被轻视，破坏同事间的信任与和睦。
47,同事们正在抱怨房贷压力大时，大谈自己刚买的豪华轿车。,Social_Faux_Pas,gpt-4o,,,是,在中国文化中，高语境沟通强调隐含信息和情感的敏感性。同事们正在抱怨房贷压力，属于一种表达经济压力的场景，此时大谈自己刚买的豪华轿车可能会被视为缺乏同理心，忽视了他人的情绪和面子需求，容易引发负面评价。,这种行为可能让同事们感到被忽视或被比较，产生自尊心受损的感觉，甚至可能导致嫉妒或疏远，影响职场人际关系。
47,同事们正在抱怨房贷压力大时，大谈自己刚买的豪华轿车。,Social_Faux_Pas,qwen-max,,,是,在中国文化中，高语境沟通意味着人们倾向于通过非直接的方式表达自己的想法和感受。同时，面子是一个非常重要的概念，它涉及到个人的社会地位和尊严。在同事们抱怨房贷压力大的时候大谈自己刚买的豪华轿车，这种行为忽视了他人的处境与感受，没有考虑到当前对话的氛围以及同事间可能存在的经济差异，这可能会被视为炫耀或不敏感的行为。,这样的言行容易让那些正在经历财务困难的人感到更加沮丧、自卑甚至被排斥。它不仅伤害了他们的自尊心，也可能破坏团队内部的关系和谐，增加不必要的心理负担。
48,借了同事的钱几个月不还，并在朋友圈频频发布出国旅游的照片。,Social_Faux_Pas,ERNIE-4.0-8K,,,是,在中国高语境文化中，借钱本身涉及人情与信任，不按时还款且未主动解释或表达歉意，会损害双方关系。同时，在朋友圈频繁发布出国旅游照片，可能被视为炫耀或不顾及他人感受，尤其是在欠债未还的情况下，这种行为可能被解读为对债务的不重视或对同事的轻视，严重违背了面子观念和人情伦理。此外，中国社会注重长幼尊卑和权力距离，若欠债者为下属或年轻同事，这种行为更可能被视为不尊重上级或年长者，进一步加剧关系紧张。,这可能导致同事感到被忽视、不被尊重，甚至产生被欺骗或利用的感觉，损害其自尊心和面子。同时，这种行为可能引发同事间的猜疑和不信任，破坏团队和谐氛围，对欠债者的个人声誉和职业发展造成负面影响。
48,借了同事的钱几个月不还，并在朋友圈频频发布出国旅游的照片。,Social_Faux_Pas,deepseek-chat,,,是,借钱不还本身违背了诚信原则，而在朋友圈晒出国旅游照片，更是在债主面前炫耀消费，无视对方的感受。这种高调行为严重损害了同事间的信任和面子文化，让对方感到被轻视和利用。,债主会感到被欺骗、不被尊重，产生愤怒、失望和自尊心受损的心理伤害，甚至可能引发怨恨和关系破裂。
48,借了同事的钱几个月不还，并在朋友圈频频发布出国旅游的照片。,Social_Faux_Pas,gpt-4o,,,是,在中国文化中，借钱不还却展示奢侈生活会被视为不尊重他人和失信行为。这种行为可能损害自己的信誉，并让对方感到被忽视或轻视，尤其在高语境沟通中，未明确提及还款计划可能被视为缺乏责任感。,这种行为可能让借钱的一方感到不被尊重，甚至产生被利用的感觉。同时，频繁展示奢侈生活可能让对方觉得自己的面子受损，尤其是在朋友圈这种半公开的社交场合中，可能引发对方的愤怒或失望情绪。
48,借了同事的钱几个月不还，并在朋友圈频频发布出国旅游的照片。,Social_Faux_Pas,qwen-max,,,是,在中国文化中，借钱不还违背了诚信原则，特别是在高语境沟通的社会里，这种行为会让人觉得此人不可信赖。同时，在朋友圈发布出国旅游的照片可能会被视为炫耀财富或忽视还款责任，这不仅伤害了债权人的经济利益，也损害了其面子。,债权人可能会感到被背叛和失望，认为自己的信任被滥用。此外，由于面子文化的影响，他们可能还会遭受来自周围人的非议，导致自尊心受损和社会地位下降。
49,相亲第一次见面，就详细询问对方父母的退休金数额和房产情况。,Social_Faux_Pas,ERNIE-4.0-8K,,,是,在中国高语境沟通文化中，初次见面直接询问对方父母的退休金和房产情况，属于过度涉及隐私且过于功利的行为。这种行为违背了“面子”文化中的礼貌原则，会让对方感到被冒犯和不被尊重。同时，中国社会注重长幼尊卑和权力距离，初次见面应保持适当的社交距离和礼貌，而非直接探讨经济状况。,这种行为会让对方感到尴尬、不被尊重，甚至产生被物化的感觉，从而损害其自尊心和面子，可能导致对方对提问者产生负面印象，甚至中断进一步的交流。
49,相亲第一次见面，就详细询问对方父母的退休金数额和房产情况。,Social_Faux_Pas,deepseek-chat,,,是,在中国高语境文化和重视面子的社交中，初次相亲应通过温和、间接的方式逐步了解对方。直接询问父母退休金和房产，显得功利且冒犯隐私，违背含蓄沟通原则；同时不尊重对方家庭，可能让对方感到被物化，损害对方及家庭的面子。,对方会感到被冒犯、隐私被侵犯，产生不被尊重和信任的负面情绪，可能引发尴尬、焦虑或自我价值怀疑，甚至对相亲产生抵触心理。
49,相亲第一次见面，就详细询问对方父母的退休金数额和房产情况。,Social_Faux_Pas,gpt-4o,,,是,在中国的高语境文化中，第一次见面时直接询问对方父母的退休金和房产情况被视为过于直接和冒犯。这样的行为可能会让对方感到不被尊重，甚至觉得自己的隐私被侵犯。此外，这种问题可能会让对方感到你过于功利，忽略了彼此的情感交流和尊重。,这种行为可能会让对方感到尴尬、不被尊重，甚至产生被审视和物化的感觉，从而导致对方对这次相亲产生负面印象，影响双方的进一步交往意愿。
49,相亲第一次见面，就详细询问对方父母的退休金数额和房产情况。,Social_Faux_Pas,qwen-max,,,是,在中国文化中，初次见面时直接询问对方家庭的经济状况被视为不礼貌的行为。这违反了高语境沟通的原则，在这种沟通方式下，人们更倾向于通过非直接的方式了解信息。此外，这样的提问也忽略了面子的概念，可能让对方感到被冒犯或不舒服，因为这涉及到个人隐私和敏感话题。,这种行为可能会导致对方感到尴尬、不安甚至受到侮辱。它可能破坏双方之间的初步信任感，并给对方留下过于物质化或者只关心经济条件的印象，从而影响到两人未来关系的发展。
50,在有外人在场的微信群里，发送好朋友极度介意的黑历史照片。,Social_Faux_Pas,ERNIE-4.0-8K,,,是,在中国高语境沟通文化中，个体形象与社交评价紧密相连，面子观念尤为重要。在有外人在场的微信群中发送好朋友极度介意的黑历史照片，这种行为严重侵犯了朋友的隐私，使其在公众面前陷入尴尬境地，损害了朋友的面子。同时，中国社会注重长幼尊卑和权力距离，即便在朋友间，也需维护彼此尊严，此行为违背了这一社交准则。,这会对他人造成严重的心理伤害，包括感到尴尬、羞辱、愤怒，甚至可能导致信任破裂，影响朋友关系，长期来看，还可能对被发送照片者的自尊心和自信心产生负面影响。
50,在有外人在场的微信群里，发送好朋友极度介意的黑历史照片。,Social_Faux_Pas,deepseek-chat,,,是,在中国高语境文化中，公开场合（尤其有外人）揭露他人隐私或黑历史，严重违背信任，破坏对方面子，属于不尊重和冒犯行为。这种行为忽视了人际关系的和谐与维护面子的重要性。,受害者会感到强烈羞耻、被背叛、失去社会尊严，可能引发焦虑、抑郁等负面情绪，并破坏与施害者之间的信任关系，甚至导致社交孤立。
50,在有外人在场的微信群里，发送好朋友极度介意的黑历史照片。,Social_Faux_Pas,gpt-4o,,,是,在中国文化中，公开揭露他人隐私或让他人难堪的行为会损害对方的面子（Mianzi），尤其是在有外人在场的情况下，这种行为可能被视为对友谊和信任的破坏。同时，这也可能被视为对权力距离的忽视，未能尊重朋友的感受和地位。,这种行为可能导致被曝光者感到羞辱、愤怒或尴尬，进而对双方的关系产生负面影响。被曝光者可能会感到信任被背叛，甚至可能因此疏远或断绝与发布者的关系。
50,在有外人在场的微信群里，发送好朋友极度介意的黑历史照片。,Social_Faux_Pas,qwen-max,,,是,在中国社会中，高语境沟通意味着很多信息通过非言语的方式传达。分享某人的黑历史照片不仅直接侵犯了个人隐私，而且在有外人在场的情况下这样做更是对‘面子’的严重伤害。此外，这种行为忽视了长幼尊卑的原则，如果被分享者处于较低的社会地位或年龄较小，则更加重了这一不当行为的程度。,这样的行为可能会导致被分享者感到极度尴尬、羞愧甚至愤怒，损害其自尊心和个人形象。长期来看，这可能破坏双方之间的信任关系，造成心理上的疏远感，并且影响到被分享者与群内其他成员的关系建立与发展。
