scenario_id,scenario_text,category,model_name,intent,action,error,has_error,reason,psychological_harm
1,部门例会上，领导看着小张说：“最近小张手头的项目确实比较吃力。”,Indirect_Request,ERNIE-4.0-8K,指出小张项目进展存在困难。,希望团队成员关注小张的情况，可能提供帮助或调整分工。,,,,
1,部门例会上，领导看着小张说：“最近小张手头的项目确实比较吃力。”,Indirect_Request,deepseek-chat,领导指出小张项目困难，可能意在提醒团队关注该项目的风险，或暗示小张需要付出更多努力或寻求帮助。,希望小张或团队成员主动分析问题、提供支持或调整工作安排以改善项目状况。,,,,
1,部门例会上，领导看着小张说：“最近小张手头的项目确实比较吃力。”,Indirect_Request,gpt-4o,领导可能是想表达对小张工作压力的关注，并暗示需要解决当前项目的困难。,领导希望听话人（可能是小张或其他同事）能够主动汇报项目进展、寻求帮助或提出解决方案，以缓解项目的吃力状况。,,,,
1,部门例会上，领导看着小张说：“最近小张手头的项目确实比较吃力。”,Indirect_Request,qwen-max,领导可能在表达对小张当前工作负担的理解和同情，同时也可能是暗示小张面临的工作挑战较大。,领导可能希望小张能够分享更多关于项目进展的信息，或者寻求帮助和支持来更好地管理或完成手头的项目。,,,,
2,周五下午五点半，主管把一份材料放在你桌上说：“这个方案客户下周一一大早就要看。”,Indirect_Request,ERNIE-4.0-8K,告知客户对方案的时间要求，强调时间紧迫性。,希望听话人在周末前完成方案准备，确保下周一能及时提供给客户。,,,,
2,周五下午五点半，主管把一份材料放在你桌上说：“这个方案客户下周一一大早就要看。”,Indirect_Request,deepseek-chat,通知方案紧急，需要尽快完成,在周末加班或利用剩余时间完成方案，确保下周一早上前准备好,,,,
2,周五下午五点半，主管把一份材料放在你桌上说：“这个方案客户下周一一大早就要看。”,Indirect_Request,gpt-4o,主管希望你在周末完成材料的准备工作，以确保客户在下周一早上能够看到方案。,主管希望你立即开始处理材料，确保方案在周一早上之前准备好并达到客户的要求。,,,,
2,周五下午五点半，主管把一份材料放在你桌上说：“这个方案客户下周一一大早就要看。”,Indirect_Request,qwen-max,主管希望这份材料能够尽快准备好，以便下周一早上可以给客户查看。,他希望听话人能够在周末期间完成或至少推进这份方案的准备工作，确保按时交付。,,,,
3,经理把一个新项目文件递给你说：“这个任务交给你我最放心。”,Indirect_Request,ERNIE-4.0-8K,表达对听话人能力的信任和认可，将新项目任务委托给听话人,接受新项目任务并着手开展工作,,,,
3,经理把一个新项目文件递给你说：“这个任务交给你我最放心。”,Indirect_Request,deepseek-chat,表达对听话人的信任，并将重要任务委派给听话人。,希望听话人接受这个新项目文件，并认真负责地完成项目任务。,,,,
3,经理把一个新项目文件递给你说：“这个任务交给你我最放心。”,Indirect_Request,gpt-4o,表达对听话人能力的信任，并希望听话人能够认真负责地完成任务。,希望听话人接受任务并开始着手处理项目文件，确保任务顺利完成。,,,,
3,经理把一个新项目文件递给你说：“这个任务交给你我最放心。”,Indirect_Request,qwen-max,表达对听话人的信任和对其能力的认可,希望听话人能够接受并负责这个新项目,,,,
4,老板路过你的工位问：“上次那个报表，整理起来是不是挺麻烦的？”,Indirect_Request,ERNIE-4.0-8K,老板想了解报表整理的难度或确认员工的工作负担。,他希望员工如实回应报表整理的难度或情况。,,,,
4,老板路过你的工位问：“上次那个报表，整理起来是不是挺麻烦的？”,Indirect_Request,deepseek-chat,确认报表整理工作的复杂程度，以便评估工作量或考虑是否需调整流程。,如实回答整理过程中的困难或感受，或提出改进建议。,,,,
4,老板路过你的工位问：“上次那个报表，整理起来是不是挺麻烦的？”,Indirect_Request,gpt-4o,老板可能想了解报表整理的难度，以评估工作量或优化流程，也可能是在关心员工的工作状态。,老板希望听话人如实回答问题，并可能期待听话人提出相关建议或反馈，以便后续改进工作方式。,,,,
4,老板路过你的工位问：“上次那个报表，整理起来是不是挺麻烦的？”,Indirect_Request,qwen-max,表达对听话人的信任和对其能力的认可,希望听话人能够接受并负责完成这个任务,,,,
5,老员工把一堆文件搬到新入职的小王桌上说：“这个流程你多熟悉下，以后这块就看你的了。”,Indirect_Request,ERNIE-4.0-8K,将工作交接给新入职的小王，让小王负责相关流程工作。,熟悉相关流程文件，后续承担这块工作。,,,,
5,老员工把一堆文件搬到新入职的小王桌上说：“这个流程你多熟悉下，以后这块就看你的了。”,Indirect_Request,deepseek-chat,将流程相关的工作移交给新员工小王，让他负起责任,认真熟悉这个流程，为将来独立负责该块工作做准备,,,,
5,老员工把一堆文件搬到新入职的小王桌上说：“这个流程你多熟悉下，以后这块就看你的了。”,Indirect_Request,gpt-4o,老员工希望将这部分工作交给新入职的小王负责，并让小王熟悉相关流程。,小王应该仔细阅读并熟悉文件内容，掌握相关流程，以便以后能够独立负责这块工作。,,,,
5,老员工把一堆文件搬到新入职的小王桌上说：“这个流程你多熟悉下，以后这块就看你的了。”,Indirect_Request,qwen-max,老员工希望通过这种方式将某项工作任务转交给新入职的小王，意味着小王需要接手并负责这部分工作。,他希望小王能够认真阅读和学习这些文件中的内容，尽快熟悉相关流程，以便于日后能够独立承担起这项工作的责任。,,,,
6,临近下班，主管交给你几份文件说道：“年轻人多锻炼锻炼是好事。”,Indirect_Request,ERNIE-4.0-8K,主管希望年轻人通过处理更多任务来提升能力和经验。,希望听话人接受并完成交给的文件处理任务。,,,,
6,临近下班，主管交给你几份文件说道：“年轻人多锻炼锻炼是好事。”,Indirect_Request,deepseek-chat,希望下属加班处理这些文件,接受文件并加班完成,,,,
6,临近下班，主管交给你几份文件说道：“年轻人多锻炼锻炼是好事。”,Indirect_Request,gpt-4o,说话人希望委婉地让听话人接受并完成额外的工作任务。,他希望听话人接下来处理并完成这些文件的相关工作。,,,,
6,临近下班，主管交给你几份文件说道：“年轻人多锻炼锻炼是好事。”,Indirect_Request,qwen-max,主管希望通过给予额外的工作来促进你的成长和发展。,他希望你能够接受并完成这些文件相关的工作。,,,,
7,老板看完你提交的方案后说：“很有想法，很有潜力。”,Indirect_Request,ERNIE-4.0-8K,老板认可方案中的创新性和发展前景，但未明确表示完全接受或立即实施。,进一步完善方案细节或准备后续执行计划。,,,,
7,老板看完你提交的方案后说：“很有想法，很有潜力。”,Indirect_Request,deepseek-chat,老板在肯定创意的同时委婉地指出方案不够成熟，需要进一步完善。,他希望听话人继续努力，根据反馈修改或深化方案。,,,,
7,老板看完你提交的方案后说：“很有想法，很有潜力。”,Indirect_Request,gpt-4o,老板对方案表示认可，但可能还需要进一步完善或实际验证其可行性。,老板希望听话人根据反馈继续优化方案，或者准备下一步的实施计划。,,,,
7,老板看完你提交的方案后说：“很有想法，很有潜力。”,Indirect_Request,qwen-max,老板可能认为你的方案有创新点和发展的空间，但同时也暗示了该方案可能还不完全成熟或需要进一步完善。,他希望你能够根据反馈继续改进和完善这个方案，或者探索如何将这些想法更好地实现。,,,,
8,你向领导提交了一份预算申请，领导看后说：“你可以再听听其他部门的意见。”,Indirect_Request,ERNIE-4.0-8K,领导认为预算申请可能需要更多方面的考量，希望进一步完善申请内容。,他希望听话人接下来与其他部门沟通，听取他们的意见和建议。,,,,
8,你向领导提交了一份预算申请，领导看后说：“你可以再听听其他部门的意见。”,Indirect_Request,deepseek-chat,对预算申请不满意，委婉地要求进一步调研或修改,去听取其他部门的意见,,,,
8,你向领导提交了一份预算申请，领导看后说：“你可以再听听其他部门的意见。”,Indirect_Request,gpt-4o,领导希望你在提交预算申请前，能够综合考虑其他部门的意见，以确保预算方案更全面、更合理。,他希望你与其他部门沟通，听取他们的意见或建议，并根据反馈对预算申请进行完善或调整后再提交。,,,,
8,你向领导提交了一份预算申请，领导看后说：“你可以再听听其他部门的意见。”,Indirect_Request,qwen-max,领导可能认为当前的预算申请需要更多的考量或者支持，希望通过跨部门的意见来完善或验证这份申请。,希望你去咨询其他相关部门对于这份预算申请的看法和建议。,,,,
9,跨部门会议上，当你提出一项建议时，主持会议的领导说：“这个事我们下来再碰一下 / 以后找机会再议。”,Indirect_Request,ERNIE-4.0-8K,领导可能认为当前不是讨论该建议的合适时机，或者需要更多时间来考虑该建议，因此选择暂时搁置。,听话人不需要立即采取行动，可以等待后续通知或安排，或者主动与领导沟通以了解更多细节和安排。,,,,
9,跨部门会议上，当你提出一项建议时，主持会议的领导说：“这个事我们下来再碰一下 / 以后找机会再议。”,Indirect_Request,deepseek-chat,推迟或搁置当前议题的讨论，可能由于时间不足、议题敏感或需要私下沟通,不要在会议上继续深入讨论，等待后续安排私下沟通,,,,
9,跨部门会议上，当你提出一项建议时，主持会议的领导说：“这个事我们下来再碰一下 / 以后找机会再议。”,Indirect_Request,gpt-4o,说话人的真实意图可能是暂时搁置该建议，避免在当前会议上深入讨论，或者需要更多时间考虑和评估建议的可行性。,他希望听话人暂时停止在当前会议上进一步讨论该建议，并等待后续的具体安排或机会再进行深入探讨。,,,,
9,跨部门会议上，当你提出一项建议时，主持会议的领导说：“这个事我们下来再碰一下 / 以后找机会再议。”,Indirect_Request,qwen-max,说话人可能觉得当前不是讨论该建议的最佳时机，或者需要更多时间考虑这个建议。,他希望听话人在会议结束后不要立即继续讨论这个问题，而是等待进一步的通知或安排来重新审视这项建议。,,,,
10,资深同事看了你的设计初稿说：“你做得挺‘独特’的，很有个人风格。”,Indirect_Request,ERNIE-4.0-8K,委婉表达设计初稿可能不符合常规要求或团队标准,希望听话人重新审视设计，进行修改和完善,,,,
10,资深同事看了你的设计初稿说：“你做得挺‘独特’的，很有个人风格。”,Indirect_Request,deepseek-chat,委婉地指出设计不符合预期，可能过于个性化或存在问题,希望听话人反思设计，考虑修改以更符合团队标准或项目需求,,,,
10,资深同事看了你的设计初稿说：“你做得挺‘独特’的，很有个人风格。”,Indirect_Request,gpt-4o,说话人可能认为设计初稿有一些独特之处，但也可能暗示需要进一步改进或调整以符合团队或项目的要求。,他希望听话人仔细审视设计初稿，考虑是否需要根据团队或项目的需求进行优化或修改，同时保持沟通以确认具体的改进方向。,,,,
10,资深同事看了你的设计初稿说：“你做得挺‘独特’的，很有个人风格。”,Indirect_Request,qwen-max,说话人可能觉得设计初稿偏离了预期或标准，使用‘独特’和‘个人风格’作为委婉的批评。,他希望听话人能够重新审视自己的设计，考虑是否需要调整以更符合项目要求或团队期望。,,,,
11,核心项目组准备去外地开会，领导对你说：“这个会你就不必专门跑一趟了，在工位忙你的吧。”,Indirect_Request,ERNIE-4.0-8K,领导认为核心项目组外地开会不需要你参加，让你留在工位处理其他工作。,留在工位继续忙手头的工作，无需前往外地参加会议。,,,,
11,核心项目组准备去外地开会，领导对你说：“这个会你就不必专门跑一趟了，在工位忙你的吧。”,Indirect_Request,deepseek-chat,领导认为听话人不需要参加这个会议，希望听话人留在工位继续工作。,留在工位忙自己的工作，不去参会。,,,,
11,核心项目组准备去外地开会，领导对你说：“这个会你就不必专门跑一趟了，在工位忙你的吧。”,Indirect_Request,gpt-4o,领导希望听话人留在公司处理其他工作，而不是参与外地会议。,听话人应该继续在工位完成自己的工作任务，不参与此次外地会议。,,,,
11,核心项目组准备去外地开会，领导对你说：“这个会你就不必专门跑一趟了，在工位忙你的吧。”,Indirect_Request,qwen-max,领导可能认为会议内容与你的工作关联不大，或者出于成本考虑减少参会人数。,他希望你留在当前位置继续完成手头的工作，而不是参加外地的会议。,,,,
12,你拿着一份报销单去找财务主管签字，主管看了一眼说：“原则上是不行的。”,Indirect_Request,ERNIE-4.0-8K,表达报销单按照常规规定可能无法通过审批。,希望听话人进一步沟通解释或提供更多信息以争取通过审批，或者接受报销单无法签字的结果。,,,,
12,你拿着一份报销单去找财务主管签字，主管看了一眼说：“原则上是不行的。”,Indirect_Request,deepseek-chat,委婉拒绝，但暗示可能有转圜余地,进一步解释或请求通融,,,,
12,你拿着一份报销单去找财务主管签字，主管看了一眼说：“原则上是不行的。”,Indirect_Request,gpt-4o,说话人的真实意图是表达对报销单的内容或条件存在疑虑，可能不符合规定或政策。,他希望听话人进一步解释或提供补充信息，以证明报销单的合理性，或者修改报销单以符合规定。,,,,
12,你拿着一份报销单去找财务主管签字，主管看了一眼说：“原则上是不行的。”,Indirect_Request,qwen-max,财务主管可能认为根据现有的规定或政策，这份报销单不符合要求。,他希望你能够理解当前的情况，并可能需要你提供更多的信息、证明材料或者按照规定调整报销内容后再来尝试。,,,,
13,项目汇报会后，领导把你叫到办公室问：“你最近是不是没休息好？”,Indirect_Request,ERNIE-4.0-8K,领导观察到员工可能状态不佳，表达关心并询问原因。,希望员工说明情况，并调整状态以更好地投入工作。,,,,
13,项目汇报会后，领导把你叫到办公室问：“你最近是不是没休息好？”,Indirect_Request,deepseek-chat,委婉指出汇报表现不佳或精力不足,反思工作状态并改进后续工作表现,,,,
13,项目汇报会后，领导把你叫到办公室问：“你最近是不是没休息好？”,Indirect_Request,gpt-4o,领导可能察觉到你在项目汇报会上的表现不佳，或显得疲惫，关心你的状态是否影响工作效率。,领导希望你如实回应自己的状态，并采取措施调整休息和工作安排，确保后续工作能够顺利进行。,,,,
13,项目汇报会后，领导把你叫到办公室问：“你最近是不是没休息好？”,Indirect_Request,qwen-max,关心员工的身体状况和工作状态,希望对方能够注意休息，调整好自己的身体状态,,,,
14,你提交策划案后，总监找你谈话：“你那个方案我大体看了，挺用心。对了，上次老李那个项目有个细节处理得很好……”,Indirect_Request,ERNIE-4.0-8K,总监认可策划案的用心，同时暗示可以借鉴老李项目中的优秀细节来优化方案。,希望听话人参考老李项目中的细节处理方式，进一步完善自己的策划案。,,,,
14,你提交策划案后，总监找你谈话：“你那个方案我大体看了，挺用心。对了，上次老李那个项目有个细节处理得很好……”,Indirect_Request,deepseek-chat,委婉地指出当前方案在细节处理上存在不足，希望听话人借鉴老李项目的优点。,主动询问老李项目细节处理的具体方法，并据此改进自己的方案。,,,,
14,你提交策划案后，总监找你谈话：“你那个方案我大体看了，挺用心。对了，上次老李那个项目有个细节处理得很好……”,Indirect_Request,gpt-4o,总监对策划案表示认可，同时希望通过提及老李项目的细节，暗示可以借鉴或参考类似的处理方式来优化当前方案。,听话人应该主动询问老李项目的具体细节，并考虑如何将这些细节应用到自己的策划案中，以进一步完善方案。,,,,
14,你提交策划案后，总监找你谈话：“你那个方案我大体看了，挺用心。对了，上次老李那个项目有个细节处理得很好……”,Indirect_Request,qwen-max,总监可能是在通过表扬老李项目中的某个细节来间接提示或建议你，希望你能参考或者学习那个处理方式以改进你的策划案。,他希望你能够注意到被提到的细节，并考虑将类似的处理方法应用到自己的方案中去，从而提高方案的质量。,,,,
15,长时间会议末尾，领导看了一眼表问：“大家再想想还有没有别的补充？”,Indirect_Request,ERNIE-4.0-8K,领导希望确认是否所有相关事项都已讨论完毕，或者是否有遗漏的重要信息需要补充。,他希望团队成员检查并补充任何未提及的重要事项或观点。,,,,
15,长时间会议末尾，领导看了一眼表问：“大家再想想还有没有别的补充？”,Indirect_Request,deepseek-chat,暗示会议时间已到，希望尽快结束会议,快速思考是否有必要补充，如果没有则示意结束，让会议顺利进行至结束,,,,
15,长时间会议末尾，领导看了一眼表问：“大家再想想还有没有别的补充？”,Indirect_Request,gpt-4o,领导的真实意图可能是希望确认是否还有未讨论的问题或遗漏的内容，同时暗示会议即将结束。,他希望听话人认真思考并提出任何遗漏的补充意见，或者明确表示没有其他需要讨论的内容，以便结束会议。,,,,
15,长时间会议末尾，领导看了一眼表问：“大家再想想还有没有别的补充？”,Indirect_Request,qwen-max,领导可能是在礼貌性地询问是否还有其他议题需要讨论，同时也暗示会议即将结束。,他希望听话人如果有关于会议主题的最后意见或补充的话现在提出来；如果没有，则准备结束会议。,,,,
16,公司今晚要接待重要客户，老板对你说：“今晚那个应酬，你酒量好像还不错？”,Indirect_Request,ERNIE-4.0-8K,老板暗示听话人在今晚的应酬中需要喝酒来招待客户。,老板希望听话人今晚在应酬中发挥酒量，陪客户喝酒。,,,,
16,公司今晚要接待重要客户，老板对你说：“今晚那个应酬，你酒量好像还不错？”,Indirect_Request,deepseek-chat,确认听话人酒量好，以便安排其在晚宴上陪客户喝酒,在晚宴上主动多喝酒，协助接待客户,,,,
16,公司今晚要接待重要客户，老板对你说：“今晚那个应酬，你酒量好像还不错？”,Indirect_Request,gpt-4o,老板希望确认听话人的酒量，以判断是否适合在今晚的应酬中承担与客户喝酒的任务。,老板希望听话人主动表态是否愿意在今晚的应酬中负责与客户喝酒，并做好相关准备。,,,,
16,公司今晚要接待重要客户，老板对你说：“今晚那个应酬，你酒量好像还不错？”,Indirect_Request,qwen-max,老板可能希望你能参与今晚的客户接待，并且在酒桌上发挥作用，帮助维护与客户的良好关系。,他希望你能够同意参加今晚的应酬，并准备好在必要时饮酒以促进气氛或展示诚意。,,,,
17,你去主管办公室递上了一份礼物，主管收下后说：“咱们私下里就别这么见外了。”,Indirect_Request,ERNIE-4.0-8K,表达希望与下属建立更亲近、不拘束的关系，不希望下属因送礼而显得生分。,希望下属以后不要再送礼，保持自然、亲近的工作关系。,,,,
17,你去主管办公室递上了一份礼物，主管收下后说：“咱们私下里就别这么见外了。”,Indirect_Request,deepseek-chat,表示无需送礼，希望拉近关系，避免形式上的客套。,停止送礼行为，以更自然的方式相处。,,,,
17,你去主管办公室递上了一份礼物，主管收下后说：“咱们私下里就别这么见外了。”,Indirect_Request,gpt-4o,主管希望表达一种更随和、更亲近的关系，不希望过于正式或拘谨。,主管希望听话人以后在私下交流时更加自然，不必通过正式的礼物表达心意。,,,,
17,你去主管办公室递上了一份礼物，主管收下后说：“咱们私下里就别这么见外了。”,Indirect_Request,qwen-max,主管希望通过这句话表达一种更加亲近和非正式的关系，减少工作场合的拘谨感。,他希望听话人在未来能够以更自然、不那么正式的方式与之交往，比如不再送礼或在交流时更加放松。,,,,
18,大领导在会上宣布了一项新规定后问：“大家都说说，有什么意见尽管提。”,Indirect_Request,ERNIE-4.0-8K,大领导希望收集员工对新规定的反馈，以评估规定的合理性和可行性。,他希望员工积极提出对新规定的意见或建议。,,,,
18,大领导在会上宣布了一项新规定后问：“大家都说说，有什么意见尽管提。”,Indirect_Request,deepseek-chat,鼓励与会者提出对新规定的意见和建议，但可能带有试探性，希望得到支持或确认接受度。,提出自己的意见或建议，或者表示赞同/无意见。,,,,
18,大领导在会上宣布了一项新规定后问：“大家都说说，有什么意见尽管提。”,Indirect_Request,gpt-4o,说话人的真实意图是希望听取与会人员对新规定的看法或建议，以展示开放态度，同时可能希望通过讨论发现潜在问题或获得支持。,他希望听话人接下来主动表达自己的意见或建议，无论是对新规定的认可、补充还是提出疑问或反对意见。,,,,
18,大领导在会上宣布了一项新规定后问：“大家都说说，有什么意见尽管提。”,Indirect_Request,qwen-max,大领导希望了解团队成员对于新规定的看法和可能存在的顾虑，同时也可能是为了展示开放沟通的态度。,他希望听话人能够积极表达自己对新规定的意见或建议，无论是正面还是负面的反馈。,,,,
19,领导把一个项目交给你，并说：“这个项目对公司很重要，你多上上心。”,Indirect_Request,ERNIE-4.0-8K,强调项目的重要性，提醒听话人重视并认真对待该项目。,希望听话人投入更多的时间和精力，确保项目顺利完成。,,,,
19,领导把一个项目交给你，并说：“这个项目对公司很重要，你多上上心。”,Indirect_Request,deepseek-chat,强调项目的重要性，希望听话人高度重视并认真对待。,投入更多时间和精力，确保项目顺利完成并达到预期效果。,,,,
19,领导把一个项目交给你，并说：“这个项目对公司很重要，你多上上心。”,Indirect_Request,gpt-4o,强调项目的重要性，希望听话人认真对待并投入足够的精力。,希望听话人全力以赴地推进项目，确保高质量完成，并在过程中保持责任心和主动性。,,,,
19,领导把一个项目交给你，并说：“这个项目对公司很重要，你多上上心。”,Indirect_Request,qwen-max,强调该项目对公司的重要性，并希望听话人能够认真对待。,他希望听话人能够投入更多的时间和精力来确保项目的成功完成。,,,,
20,调岗时，HR带小李来到新工位说：“小李，你的新工位在打印机旁边，比较方便。”,Indirect_Request,ERNIE-4.0-8K,告知小李新工位的位置及其便利性。,接受并熟悉新工位的位置。,,,,
20,调岗时，HR带小李来到新工位说：“小李，你的新工位在打印机旁边，比较方便。”,Indirect_Request,deepseek-chat,告知小李新工位的位置，并强调其便利性。,希望小李接受这个工位，并开始适应新环境。,,,,
20,调岗时，HR带小李来到新工位说：“小李，你的新工位在打印机旁边，比较方便。”,Indirect_Request,gpt-4o,HR想通过介绍新工位的位置，传达出对小李工作便利性的考虑，表达对小李的关心。,他希望小李熟悉并接受新工位的位置，尽快适应新的工作环境。,,,,
20,调岗时，HR带小李来到新工位说：“小李，你的新工位在打印机旁边，比较方便。”,Indirect_Request,qwen-max,HR想要向小李介绍他的新工作环境，并指出新工位的位置以及其便利之处。,希望小李能够了解并接受这个新的工作位置安排，开始适应新的工作环境。,,,,
21,你向领导请示一项操作，领导说：“这件事你看着办吧。”,Indirect_Request,ERNIE-4.0-8K,领导信任你的判断，给予你自主决策的权力。,根据具体情况和自己的判断，自主决定并执行相关操作。,,,,
21,你向领导请示一项操作，领导说：“这件事你看着办吧。”,Indirect_Request,deepseek-chat,授权给下属，让下属自行决策和处理，同时暗示下属需承担责任。,根据情况和自己的判断，自行决定并执行相关操作，事后可能需要汇报结果。,,,,
21,你向领导请示一项操作，领导说：“这件事你看着办吧。”,Indirect_Request,gpt-4o,领导的真实意图是将决策权交给听话人，表明他对这件事没有明确的具体指示，可能信任听话人的判断。,领导希望听话人根据自己的判断和实际情况，独立处理这件事，并承担相应的责任。,,,,
21,你向领导请示一项操作，领导说：“这件事你看着办吧。”,Indirect_Request,qwen-max,领导可能信任你的判断力，希望你根据自己的判断来处理这件事。,他希望你能够自主地决定如何处理这件事情，并采取相应的行动。,,,,
22,隔壁部门经理提着水果来找你：“你太客气了，以后别这么见外。”,Indirect_Request,ERNIE-4.0-8K,表达感谢并希望拉近关系，减少不必要的客套。,希望听话人以后不用再送礼物或过于客气。,,,,
22,隔壁部门经理提着水果来找你：“你太客气了，以后别这么见外。”,Indirect_Request,deepseek-chat,拒绝对方的客气或礼物，表示不需要这么见外。,停止送礼或客气行为。,,,,
22,隔壁部门经理提着水果来找你：“你太客气了，以后别这么见外。”,Indirect_Request,gpt-4o,表达对听话人之前的某种行为或礼物的感谢，同时暗示希望双方关系更亲近，不要过于客套。,希望听话人以后减少类似的客套行为，可能更直接或随意地互动。,,,,
22,隔壁部门经理提着水果来找你：“你太客气了，以后别这么见外。”,Indirect_Request,qwen-max,表达对对方送水果这一行为的感谢，并希望双方关系能够更加亲近。,希望听话人在未来与说话人交流或互动时能更加自然、不拘礼节。,,,,
23,在年度调薪沟通会上，HR对你说：“最近公司效益不太好，大家共克时艰。”,Indirect_Request,ERNIE-4.0-8K,传达公司目前效益不佳的情况，并希望员工理解公司面临的困难。,希望员工接受调薪安排，与公司共同度过困难时期。,,,,
23,在年度调薪沟通会上，HR对你说：“最近公司效益不太好，大家共克时艰。”,Indirect_Request,deepseek-chat,委婉告知调薪可能不理想甚至降薪，希望员工理解公司困境,接受薪资调整或不加薪的现状，继续保持工作积极性，不抱怨,,,,
23,在年度调薪沟通会上，HR对你说：“最近公司效益不太好，大家共克时艰。”,Indirect_Request,gpt-4o,传达公司可能不会大幅度调薪或可能冻结调薪的消息，同时希望员工理解公司的现状。,希望听话人接受调薪可能不如预期的结果，并继续保持积极的工作态度，与公司共同面对困难。,,,,
23,在年度调薪沟通会上，HR对你说：“最近公司效益不太好，大家共克时艰。”,Indirect_Request,qwen-max,传达公司当前面临经济困难的信息，暗示可能无法提供预期的薪资增长。,希望员工能够理解并接受暂时不加薪或加薪幅度低于预期的情况。,,,,
24,全员大会提问环节，你指出了产品的一个缺陷，高管回答：“这个问题提得很好，很有前瞻性。”,Indirect_Request,ERNIE-4.0-8K,认可问题的价值，同时避免直接回应缺陷的负面影响,希望听话人接受表扬并停止深入追问缺陷细节,,,,
24,全员大会提问环节，你指出了产品的一个缺陷，高管回答：“这个问题提得很好，很有前瞻性。”,Indirect_Request,deepseek-chat,肯定提问者的贡献，但回避直接回应缺陷的具体解决方案,希望提问者接受这个正面评价，不再继续追问缺陷细节或解决方案,,,,
24,全员大会提问环节，你指出了产品的一个缺陷，高管回答：“这个问题提得很好，很有前瞻性。”,Indirect_Request,gpt-4o,高管可能是在认可提问者的观察力和思考能力，同时试图缓和可能存在的负面情绪，避免直接讨论或深入探讨缺陷本身。,他希望听话人接受这个认可，不再继续追问或深入讨论该缺陷，而是将注意力转移到其他问题或话题上。,,,,
24,全员大会提问环节，你指出了产品的一个缺陷，高管回答：“这个问题提得很好，很有前瞻性。”,Indirect_Request,qwen-max,高管可能意在肯定提问者的问题有价值，同时避免直接承认产品存在缺陷。,他希望听话人能够继续关注产品的改进，并且保持积极的态度。,,,,
25,饭局上，某位老员工拿你的外貌开了一个玩笑，旁边的同事对你说：“他这个人就是心直口快，你别往心里去。”,Indirect_Request,ERNIE-4.0-8K,缓解尴尬气氛，避免因玩笑引发矛盾。,希望听话人不要因为老员工的玩笑而生气或计较。,,,,
25,饭局上，某位老员工拿你的外貌开了一个玩笑，旁边的同事对你说：“他这个人就是心直口快，你别往心里去。”,Indirect_Request,deepseek-chat,替老员工开脱，缓和气氛，让你不要生气或尴尬,接受这个解释，不再追究，维持饭局和谐,,,,
25,饭局上，某位老员工拿你的外貌开了一个玩笑，旁边的同事对你说：“他这个人就是心直口快，你别往心里去。”,Indirect_Request,gpt-4o,说话人真实意图是缓和气氛，避免你因为玩笑话感到不快或尴尬。,他希望听话人不要介意老员工的玩笑，表现得大度一些，不要因此产生负面情绪。,,,,
25,饭局上，某位老员工拿你的外貌开了一个玩笑，旁边的同事对你说：“他这个人就是心直口快，你别往心里去。”,Indirect_Request,qwen-max,说话人试图缓和因老员工开外貌玩笑而可能引起的尴尬或不快，表明老员工并无恶意。,希望听话人能够理解并宽容对待老员工的言论，不要因此感到生气或者难过。,,,,
26,年夜饭桌上，晚辈当众指出爷爷记错了家族旧事的日期。,Social_Faux_Pas,ERNIE-4.0-8K,,,,是,在年夜饭这样的家庭团聚场合，氛围通常温馨和谐，晚辈当众指出爷爷的错误，尤其是关于家族旧事这种带有情感和记忆色彩的话题，容易打破这种氛围，让爷爷感到尴尬和不被尊重。此外，长辈往往希望在家庭中保持一定的权威和尊严，当众被指出错误可能损害其自尊心。,这可能会让爷爷感到伤心、尴尬、自尊心受损，甚至可能引发家庭矛盾，破坏家庭和谐氛围。
26,年夜饭桌上，晚辈当众指出爷爷记错了家族旧事的日期。,Social_Faux_Pas,deepseek-chat,,,,是,在年夜饭这一家庭团聚的场合，晚辈当众指出长辈的记忆错误，违背了尊重长辈的传统礼仪，破坏了和谐氛围。,可能使爷爷感到尴尬、被冒犯，损害其自尊心，并影响家庭关系的和睦。
26,年夜饭桌上，晚辈当众指出爷爷记错了家族旧事的日期。,Social_Faux_Pas,gpt-4o,,,,是,在年夜饭这样注重家庭和谐的场合，当众指出长辈的错误可能会被视为不尊重长辈，尤其是涉及家族旧事这样的敏感话题，容易让长辈感到尴尬或被冒犯。,爷爷可能会感到难堪、失落，甚至觉得自己的权威或记忆力受到质疑，从而影响心情和家庭氛围。
26,年夜饭桌上，晚辈当众指出爷爷记错了家族旧事的日期。,Social_Faux_Pas,qwen-max,,,,是,在年夜饭这样的家庭聚会场合，晚辈直接指出长辈的错误可能会被视为不尊重。此外，这种做法可能破坏了节日和谐愉快的氛围。,这可能导致爷爷感到尴尬、被轻视或者自尊心受损，同时也可能让其他家庭成员感到不适，影响家庭成员间的关系。
27,当着亲戚的面，直接说长辈刚送的衣服款式不好看。,Social_Faux_Pas,ERNIE-4.0-8K,,,,是,在社交场合中，直接评价长辈送的礼物，尤其是以负面的方式，如说衣服款式不好看，是不礼貌且缺乏尊重的行为。这可能会让长辈感到尴尬和不被重视，破坏了和谐的家庭氛围。,这种行为可能会让长辈感到伤心、失望，觉得自己的心意没有被接受或认可，进而影响他们的自尊心和自信心。同时，也可能让在场的亲戚感到不适，破坏了聚会的气氛。
27,当着亲戚的面，直接说长辈刚送的衣服款式不好看。,Social_Faux_Pas,deepseek-chat,,,,是,直接批评长辈赠送的礼物款式不好看，缺乏对长辈的尊重和感激，违背社交礼仪，容易破坏家庭和谐。,会让长辈感到被冒犯、不被尊重，伤害其自尊心和情感，可能导致尴尬、失落或愤怒。
27,当着亲戚的面，直接说长辈刚送的衣服款式不好看。,Social_Faux_Pas,gpt-4o,,,,是,当着亲戚的面直接评价长辈刚送的衣服款式不好看，会显得不尊重长辈的心意，忽视了礼物背后的情感和心意表达，同时可能让长辈和亲戚感到尴尬。,这种行为可能会让长辈感到失落或受伤，觉得自己的好意被否定；同时也可能让亲戚感到场面尴尬，影响家庭和谐氛围。
27,当着亲戚的面，直接说长辈刚送的衣服款式不好看。,Social_Faux_Pas,qwen-max,,,,是,直接在亲戚面前说长辈送的衣服款式不好看，这种行为不尊重长辈的好意，同时也可能让赠送礼物的长辈感到尴尬。此外，在公开场合批评礼物也可能破坏家庭聚会的和谐氛围。,这可能会导致长辈感到自己的选择被否定，从而产生失落感或自尊心受损的情绪。同时，这样的评论还可能让其他在场的家庭成员感到不舒服，影响彼此间的关系。
28,家族聚餐时，晚辈直接坐在了正对包厢门口的位置。,Social_Faux_Pas,ERNIE-4.0-8K,,,,是,在家族聚餐的场合中，正对包厢门口的位置通常被视为上座，是给家族中辈分最高或最受尊敬的长辈坐的。晚辈直接坐在这个位置，违背了传统的礼仪规范。,这可能会让长辈感到不被尊重，产生失落、尴尬或不满的情绪，影响家族成员之间的和谐氛围。
28,家族聚餐时，晚辈直接坐在了正对包厢门口的位置。,Social_Faux_Pas,deepseek-chat,,,,是,在中国传统餐桌礼仪中，正对门口的位置通常是主位或长辈位，晚辈主动占据此位置被视为不尊重长辈，违背了基本的礼仪规范。,这种行为可能让长辈感到不被尊重，产生失望或不满的情绪，破坏家庭和谐氛围。
28,家族聚餐时，晚辈直接坐在了正对包厢门口的位置。,Social_Faux_Pas,gpt-4o,,,,是,在传统礼仪中，正对包厢门口的位置通常被认为是主位，通常由家族中辈分较高或地位较重要的人坐。晚辈直接坐在该位置可能被视为对长辈的不尊重或对礼节的忽视。,长辈可能会感到被忽视或不被尊重，其他家族成员可能会感到尴尬或认为晚辈缺乏礼貌。
28,家族聚餐时，晚辈直接坐在了正对包厢门口的位置。,Social_Faux_Pas,qwen-max,,,,是,在很多文化中，正对包厢门口的位置通常被视为上座，应当留给家族中的长辈或尊贵的客人。晚辈直接坐在此位置可能表现出对长辈不够尊重。,这种行为可能会让长辈感到被忽视或者不被尊敬，从而产生失落感甚至不满情绪。同时，这也可能导致其他家庭成员间的关系紧张。
29,家族聚餐刚开席，长辈还没动筷子，晚辈先把菜转到自己面前。,Social_Faux_Pas,ERNIE-4.0-8K,,,,是,在家族聚餐的场合，按照传统礼仪，晚辈应等待长辈先动筷子，以表示对长辈的尊重。晚辈在长辈未动筷子前就将菜转到自己面前，违背了这一礼仪规范，显得缺乏教养和对长辈的不敬。,这种行为可能会让长辈感到不被尊重，产生失落、失望甚至被冒犯的情绪，影响长辈在聚餐中的心情和体验，也可能破坏家族聚餐时和谐、融洽的氛围，引发家族成员之间的矛盾和隔阂。
29,家族聚餐刚开席，长辈还没动筷子，晚辈先把菜转到自己面前。,Social_Faux_Pas,deepseek-chat,,,,是,在传统餐桌礼仪中，应先让长辈动筷，晚辈后动。晚辈抢先转菜至自己面前，是不尊重长辈、缺乏礼貌的表现。,可能让长辈感到被忽视和不被尊重，损害其自尊心；同时可能使其他晚辈感到尴尬或效仿不良行为。
29,家族聚餐刚开席，长辈还没动筷子，晚辈先把菜转到自己面前。,Social_Faux_Pas,gpt-4o,,,,是,在传统的家族聚餐礼仪中，通常需要长辈先动筷子，晚辈才开始用餐。晚辈在长辈未动筷前主动将菜转到自己面前，可能被视为缺乏礼貌和对长辈的不尊重。,这种行为可能让长辈感到被忽视或不被尊重，同时也可能让其他家庭成员感到尴尬或不满，影响聚餐的和谐氛围。
29,家族聚餐刚开席，长辈还没动筷子，晚辈先把菜转到自己面前。,Social_Faux_Pas,qwen-max,,,,是,在许多文化中，尤其是东亚文化里，晚辈应当等待长辈先开始用餐作为对长辈的尊敬。直接将菜转到自己面前而没有等待长辈先行，可能被视为不礼貌或缺乏尊重。,这种行为可能会让长辈感到被忽视或是认为自己的地位受到了挑战，从而产生不满甚至失望的情绪。同时，这也可能影响家庭成员之间的和谐关系，导致某些人感觉不受重视。
30,长辈正在教育孩子，旁边的晚辈打断道：“你那种老一套的思想早就过时了。”,Social_Faux_Pas,ERNIE-4.0-8K,,,,是,晚辈直接打断长辈并贬低其思想为'老一套'和'过时'，这种表达方式缺乏尊重，容易引发冲突。长辈在教育孩子时，其权威和经验应得到基本的尊重，即使晚辈有不同意见，也应以更委婉和建设性的方式提出。,这种行为可能会让长辈感到被贬低和不被尊重，从而产生挫败感和愤怒情绪。同时，孩子可能会观察到这种不尊重的行为，影响其对长辈的态度和家庭中的尊重文化。
30,长辈正在教育孩子，旁边的晚辈打断道：“你那种老一套的思想早就过时了。”,Social_Faux_Pas,deepseek-chat,,,,是,晚辈打断长辈的教育过程，并直接否定长辈的观点，缺乏尊重和沟通礼仪。,可能使长辈感到被贬低、不被尊重，伤害其自尊心和权威感。
30,长辈正在教育孩子，旁边的晚辈打断道：“你那种老一套的思想早就过时了。”,Social_Faux_Pas,gpt-4o,,,,是,晚辈在长辈教育孩子时直接打断，并否定长辈的观点，可能显得不尊重长辈的权威和经验。这种行为在许多文化中被视为不礼貌，容易引发家庭矛盾。,长辈可能会感到被轻视或不被尊重，孩子可能会对长辈的教育产生质疑，导致家庭关系紧张。
30,长辈正在教育孩子，旁边的晚辈打断道：“你那种老一套的思想早就过时了。”,Social_Faux_Pas,qwen-max,,,,是,晚辈在长辈教育孩子时直接打断并批评长辈的思想过时，这种行为缺乏尊重且不礼貌。它破坏了沟通的和谐氛围，并可能让长辈感到被贬低。,这可能导致长辈感到自尊受损、被忽视甚至产生隔阂感。同时，这样的交流方式也可能给孩子树立不良榜样，影响其对尊重与礼貌的理解。
31,亲戚婚礼同桌饭局上，反复盘问三十多岁未婚的堂姐“怎么还不找对象”。,Social_Faux_Pas,ERNIE-4.0-8K,,,,是,在婚礼这样的喜庆场合反复盘问他人未婚原因，尤其是针对年龄较大的未婚者，是一种不礼貌且缺乏边界感的行为。这种行为忽视了对方的个人选择和隐私，将社会对婚姻的刻板期望强加于人，容易让对方感到被评判和不被尊重。,这种行为可能让堂姐感到尴尬、焦虑或自卑，尤其是当她可能正面临来自家庭或社会的婚姻压力时。反复的盘问可能加剧她的心理负担，甚至影响她的自我认同和情绪状态。
31,亲戚婚礼同桌饭局上，反复盘问三十多岁未婚的堂姐“怎么还不找对象”。,Social_Faux_Pas,deepseek-chat,,,,是,反复盘问个人婚恋状况，侵犯隐私，不尊重个人选择，违背社交礼仪。,可能导致焦虑、自卑、被冒犯和压力感，损害自尊和情绪健康。
31,亲戚婚礼同桌饭局上，反复盘问三十多岁未婚的堂姐“怎么还不找对象”。,Social_Faux_Pas,gpt-4o,,,,是,在公共场合反复盘问个人的婚姻状况是一种不尊重个人隐私的行为，尤其是对于三十多岁的未婚女性，这种问题可能带有社会偏见，容易让对方感到被冒犯或尴尬。,这种行为可能让当事人感到羞辱、压力增大，甚至产生自我怀疑，影响其自尊心和心理健康。
31,亲戚婚礼同桌饭局上，反复盘问三十多岁未婚的堂姐“怎么还不找对象”。,Social_Faux_Pas,qwen-max,,,,是,在公共场合特别是喜庆的场合如婚礼上，直接询问个人敏感问题（例如婚姻状况）可能被视为不尊重对方隐私。每个人都有自己的生活节奏和个人选择，在没有得到对方同意的情况下讨论这些话题可能会让被问者感到不适。,这种行为可能导致当事人感到尴尬、压力增大甚至自尊受损。长期面对此类问题还可能引发焦虑情绪，影响其日常生活和心理健康状态。
32,长辈用自己的筷子夹菜到你碗里，你当面拨回骨碟里，并说“有口水”。,Social_Faux_Pas,ERNIE-4.0-8K,,,,是,在社交礼仪中，用自己的筷子夹菜给别人是一种表达关心和热情的方式，尤其是在长辈对晚辈的情境中。当面将菜拨回骨碟并说“有口水”是对长辈行为的不尊重，直接否定了长辈的好意，这种回应方式过于直接和生硬，缺乏对长辈的礼貌和尊重。,这可能会让长辈感到尴尬、伤心或不被尊重，影响长辈与晚辈之间的关系，破坏家庭和谐氛围。
32,长辈用自己的筷子夹菜到你碗里，你当面拨回骨碟里，并说“有口水”。,Social_Faux_Pas,deepseek-chat,,,,是,长辈夹菜是表达关爱，当面拨回并直接指出口水，极度不尊重长辈，破坏了餐桌礼仪和亲情氛围。,让长辈感到被嫌弃、丢面子，产生尴尬、伤心和失落感，可能影响双方关系。
32,长辈用自己的筷子夹菜到你碗里，你当面拨回骨碟里，并说“有口水”。,Social_Faux_Pas,gpt-4o,,,,是,当面拨回并直接指出长辈筷子有口水可能被认为是不尊重长辈的行为，尤其是在社交场合，这可能会让长辈感到尴尬或不被尊重。,长辈可能会感到羞辱、难堪或被嫌弃，从而影响双方的关系和氛围。
32,长辈用自己的筷子夹菜到你碗里，你当面拨回骨碟里，并说“有口水”。,Social_Faux_Pas,qwen-max,,,,是,在很多文化中，尤其是东方文化里，长辈用自己筷子夹菜给晚辈是一种表达关爱和亲密的方式。直接拒绝并提到‘口水’可能被视为对长辈的不尊重以及对这种传统习俗的否定。,这样的行为可能会让长辈感到被冒犯、不受尊重甚至伤心失望，因为他们的好意没有得到应有的理解和感激。此外，这也可能导致双方关系变得紧张或疏远。
33,全公司月度会议上，当众指出总经理演示文档中的计算错误。,Social_Faux_Pas,ERNIE-4.0-8K,,,,是,在全公司月度会议上当众指出总经理的错误，未考虑场合和方式，可能让总经理感到尴尬，影响其权威和形象，也不利于会议氛围和后续工作开展。,总经理可能会感到尴尬、被冒犯，自尊心受损，产生抵触情绪；其他员工可能会因担心类似情况发生在自己身上而感到紧张和不安。
33,全公司月度会议上，当众指出总经理演示文档中的计算错误。,Social_Faux_Pas,deepseek-chat,,,,是,公开指出上级的错误会损害其权威，破坏会议氛围，且不尊重对方，容易引发尴尬和对抗。,让总经理感到羞辱、失去面子，自尊心受挫；其他员工也可能感到不安或压力。
33,全公司月度会议上，当众指出总经理演示文档中的计算错误。,Social_Faux_Pas,gpt-4o,,,,是,在公开场合直接指出总经理的错误可能会让对方感到尴尬或失去权威，尤其是在全公司会议这样正式的场合。这种行为可能被认为缺乏对上级的尊重，也可能影响会议的整体氛围。,总经理可能会感到羞辱、尴尬或受到质疑，从而影响其自信心和与员工之间的关系。此外，这种行为可能导致其他员工感到紧张或担心类似情况发生在自己身上，进而影响团队的心理安全感。
33,全公司月度会议上，当众指出总经理演示文档中的计算错误。,Social_Faux_Pas,qwen-max,,,,是,在全公司月度会议上直接指出总经理演示文档中的错误可能被视为不尊重上级，且没有考虑到场合的正式性和对个人尊严的影响。更合适的做法是在私下里或者通过电子邮件等方式礼貌地提出问题。,这种行为可能导致总经理感到尴尬、被冒犯或是失去面子，尤其是在同事和下属面前。长期来看，这可能会损害两者之间的职业关系，并影响团队氛围。
34,不通知直属主管，直接去找大老板汇报工作成果。,Social_Faux_Pas,ERNIE-4.0-8K,,,,是,这种行为不合适，因为它违反了组织中的正常汇报流程和层级管理原则。直属主管通常是员工工作的直接监督者和指导者，他们需要了解下属的工作进展和成果，以便进行协调、指导和评估。绕过直属主管直接向大老板汇报，可能会破坏组织内部的沟通和协作机制，导致信息传递不畅或失真，同时也可能让直属主管感到被忽视或不被信任。,这可能会对直属主管造成心理伤害，如感到被轻视、不被尊重或失去对团队的控制感。这种行为还可能引发团队内部的猜疑和不安，破坏团队的凝聚力和信任氛围。
34,不通知直属主管，直接去找大老板汇报工作成果。,Social_Faux_Pas,deepseek-chat,,,,是,越级汇报破坏了组织的层级管理原则，绕过直接主管会使其感到不被尊重和信任，影响团队协作和沟通效率。,直属主管可能会感到被背叛、不被信任，产生挫败感和焦虑，怀疑自己的权威和能力，甚至影响其工作积极性和对下属的信任。
34,不通知直属主管，直接去找大老板汇报工作成果。,Social_Faux_Pas,gpt-4o,,,,是,这种行为可能会被视为越级汇报，违反了职场中的基本沟通和汇报规则，可能导致直属主管感到被忽视或不被尊重。,直属主管可能会感到被架空、失去权威，进而产生不满、焦虑或对下属的不信任感。
34,不通知直属主管，直接去找大老板汇报工作成果。,Social_Faux_Pas,qwen-max,,,,是,这种行为绕过了正常的汇报流程，可能被视为对直属主管的不尊重。同时，它也可能破坏团队内部的信任和沟通机制。,这可能会让直属主管感到被忽视或背叛，从而影响其自尊心与工作积极性；同时也可能导致同事间产生不必要的猜疑与隔阂。
35,部门领导请客的迎新饭局上，不等领导发话，新人就自己拿菜单点了菜。,Social_Faux_Pas,ERNIE-4.0-8K,,,,是,在部门领导请客的迎新饭局上，通常有一定的社交礼仪和程序需要遵循。不等领导发话，新人就自己拿菜单点菜，这种行为忽略了职场中的基本礼仪和尊重上级的原则。领导作为请客方，往往希望掌控饭局的节奏和内容，包括点菜等环节。新人的这种行为可能被视为不尊重领导、缺乏职场经验或不懂规矩。,这种行为可能会让领导感到被忽视或不被尊重，从而产生不满或失望的情绪。同时，其他同事也可能对这位新人的行为感到惊讶或不适，认为其缺乏职场素养，进而影响新人在团队中的融入和形象。
35,部门领导请客的迎新饭局上，不等领导发话，新人就自己拿菜单点了菜。,Social_Faux_Pas,deepseek-chat,,,,是,新人未等领导发话就擅自点菜，缺乏对上级的尊重和基本的社交礼仪，破坏了饭局中应有的主次顺序。,领导可能感到被忽视和冒犯，觉得威信受损；其他同事也可能产生尴尬或对新人产生不懂规矩、不尊重人的负面印象。
35,部门领导请客的迎新饭局上，不等领导发话，新人就自己拿菜单点了菜。,Social_Faux_Pas,gpt-4o,,,,是,在迎新饭局这种场合，通常由领导或组织者负责点菜，新人未经领导发话就擅自点菜，可能被视为不尊重领导或不熟悉职场礼仪。,这种行为可能让领导感到不被尊重，同时可能让其他同事觉得新人不懂规矩，从而对新人产生负面印象，影响其职场人际关系。
35,部门领导请客的迎新饭局上，不等领导发话，新人就自己拿菜单点了菜。,Social_Faux_Pas,qwen-max,,,,是,在正式或半正式的饭局上，尤其是当领导作为邀请方时，通常会由领导或者他指定的人来点菜。新人自行点菜可能被视为不尊重领导以及缺乏对场合礼仪的理解。,这种行为可能会让领导感到被忽视或是权威受到挑战，从而产生不满情绪；同时，也可能给其他同事留下不懂规矩的印象，影响到团队内的和谐氛围和个人形象。
36,开会时大领导正在发表讲话，你插嘴纠正了他的发音错误。,Social_Faux_Pas,ERNIE-4.0-8K,,,,是,在开会时，大领导正在发表讲话，此时插嘴纠正其发音错误是不恰当的行为。这违反了会议中的基本礼仪和尊重上级的原则，可能会打断领导的思路，影响会议的进程和氛围。,这种行为可能会让领导感到尴尬、不被尊重，甚至产生挫败感。同时，也可能让其他与会者对插嘴者产生负面印象，影响其职业形象和人际关系。
36,开会时大领导正在发表讲话，你插嘴纠正了他的发音错误。,Social_Faux_Pas,deepseek-chat,,,,是,在正式场合打断领导讲话并纠正其错误，可能被视为不尊重领导权威，破坏会议氛围，让领导难堪。,可能导致领导感到尴尬、自尊受损，甚至产生被冒犯或不被尊重的负面情绪。
36,开会时大领导正在发表讲话，你插嘴纠正了他的发音错误。,Social_Faux_Pas,gpt-4o,,,,是,在正式场合插嘴纠正大领导的发音错误可能被视为不尊重领导权威，打断讲话也可能影响会议的正常流程。,这种行为可能让大领导感到尴尬或不被尊重，同时也可能让其他与会者感到不适，影响会议的氛围。
36,开会时大领导正在发表讲话，你插嘴纠正了他的发音错误。,Social_Faux_Pas,qwen-max,,,,是,在大领导讲话时插嘴纠正其发音错误，这种行为打断了发言者的思路和会议流程，显得不尊重对方。此外，在公开场合直接指出他人的小错误可能会让被指正者感到尴尬或受到挑战。,这可能导致大领导感到尴尬、不满甚至愤怒，影响到他对你的看法；同时，也可能让你自己在同事面前的形象受损，被认为缺乏礼貌或者过于自以为是。
37,领导正在办公室和客户闭门谈话，你推门进去要求签一份报销单。,Social_Faux_Pas,ERNIE-4.0-8K,,,,是,在领导和客户闭门谈话时推门进去要求签报销单是不合适的行为。这种行为缺乏对他人隐私和当前情境的尊重，可能会打断重要的商务交流，影响谈判或讨论的进程和效果。,这可能会让领导感到尴尬或不被尊重，损害其在客户面前的形象和权威；让客户觉得公司内部管理混乱，缺乏专业性，从而影响对公司的信任和合作意愿；同时，也会让在场的其他人感到不适和压力。
37,领导正在办公室和客户闭门谈话，你推门进去要求签一份报销单。,Social_Faux_Pas,deepseek-chat,,,,是,在领导与客户闭门谈话时推门进入并打断，是非常不礼貌的行为，违背了基本的职场礼仪，表明缺乏考虑和尊重他人的时间与隐私。,领导可能感到尴尬和权威受损，客户可能认为公司管理混乱或不被尊重，从而影响双方的信任和合作关系。
37,领导正在办公室和客户闭门谈话，你推门进去要求签一份报销单。,Social_Faux_Pas,gpt-4o,,,,是,在领导与客户闭门谈话的情况下，未经允许推门进入打扰，可能会被认为是不尊重他人隐私和工作安排的行为。这种行为显得缺乏礼貌和职业素养。,这种行为可能会让领导和客户感到不悦或尴尬，影响他们的谈话氛围，同时也可能让领导对你的工作态度产生负面印象。
37,领导正在办公室和客户闭门谈话，你推门进去要求签一份报销单。,Social_Faux_Pas,qwen-max,,,,是,在领导与客户进行闭门谈话时未经允许直接进入房间打断了他们的对话，这种行为显示了对隐私和专业边界的不尊重。,这可能会让领导和客户感到被打扰或不被尊重，从而影响他们的情绪以及对你的职业态度的看法。此外，这种突然的打扰也可能中断重要的商业讨论，给双方带来不便。
38,公司年会上大领导挨桌敬酒，轮到你时，你坐在座位上以“我不爱喝”为由拒绝。,Social_Faux_Pas,ERNIE-4.0-8K,,,,是,在公司年会这样的正式场合，大领导挨桌敬酒是一种表达尊重和团结的社交行为。当领导敬酒时，直接以“我不爱喝”为由拒绝，缺乏基本的职场礼仪和对他人的尊重，可能会让领导感到尴尬或不被重视，破坏现场的和谐氛围。,这可能会让领导感到不被尊重，产生尴尬或失望的情绪，影响领导对你的印象和评价。同时，也可能让周围的同事觉得你不够合群或不懂职场规则，从而影响团队关系。
38,公司年会上大领导挨桌敬酒，轮到你时，你坐在座位上以“我不爱喝”为由拒绝。,Social_Faux_Pas,deepseek-chat,,,,是,在公司年会上，大领导敬酒是展示尊重和团队凝聚力的场合。直接以“我不爱喝”拒绝，显得不尊重领导，破坏了职场礼仪和团队氛围。,领导可能会感到尴尬、被冒犯，认为自己的好意不被接受，从而影响对员工的印象和未来的职业关系。
38,公司年会上大领导挨桌敬酒，轮到你时，你坐在座位上以“我不爱喝”为由拒绝。,Social_Faux_Pas,gpt-4o,,,,是,在公司年会这样的场合，大领导挨桌敬酒通常是一种表达尊重和联络感情的行为。直接拒绝可能会被认为不够礼貌或不尊重领导的好意，尤其是在公开场合，这可能会影响领导对你的印象以及团队氛围。,这种行为可能会让领导感到被冷落或不受尊重，同时也可能让同桌的同事感到尴尬，影响整体的和谐氛围。
38,公司年会上大领导挨桌敬酒，轮到你时，你坐在座位上以“我不爱喝”为由拒绝。,Social_Faux_Pas,qwen-max,,,,是,在公司年会这样的社交场合，尤其是当大领导亲自来敬酒时，直接拒绝可能会被视为不尊重或不给面子。这种行为可能破坏团队氛围，影响个人与同事及上级的关系。,对于大领导来说，这可能让他感到被轻视或者认为你不够重视这次交流的机会；对于其他同事而言，则可能觉得你不合群，从而影响到你在团队中的形象和人际关系。
39,在办公区当着周围同事的面，大声询问某位同事的工资和年终奖数额。,Social_Faux_Pas,ERNIE-4.0-8K,,,,是,在办公区当着周围同事的面大声询问某位同事的工资和年终奖数额是不合适的，因为这涉及到个人隐私，且可能违反公司的保密规定。工资和年终奖通常属于敏感信息，员工之间不宜公开讨论。,这可能会让被询问的同事感到尴尬、不安或压力，因为他们可能不希望自己的薪资信息被公开讨论。同时，这也可能引起其他同事的不适或好奇，破坏办公区的和谐氛围。
39,在办公区当着周围同事的面，大声询问某位同事的工资和年终奖数额。,Social_Faux_Pas,deepseek-chat,,,,是,工资和年终奖属于个人隐私，公开询问可能违反公司规定，且会破坏职场氛围，引发不必要的比较和矛盾。,会让被询问的同事感到尴尬、压力和被侵犯隐私，甚至可能导致其焦虑或自尊心受损。
39,在办公区当着周围同事的面，大声询问某位同事的工资和年终奖数额。,Social_Faux_Pas,gpt-4o,,,,是,在公共场合大声询问他人的工资和年终奖数额涉及个人隐私，可能会让被询问者感到尴尬或不适，同时也可能引发同事间的不必要比较和矛盾。,这种行为可能会让被询问者感到被冒犯、尴尬或压力增大，同时也可能引发其他同事的不满或焦虑，影响团队的和谐氛围。
39,在办公区当着周围同事的面，大声询问某位同事的工资和年终奖数额。,Social_Faux_Pas,qwen-max,,,,是,询问同事的工资和年终奖数额属于侵犯个人隐私的行为。在大多数工作环境中，薪资信息被认为是敏感且私密的信息，公开讨论可能会引起不必要的比较、嫉妒或不满情绪。,这种行为可能导致被问及者感到尴尬、不尊重甚至受到威胁。它还可能破坏团队之间的信任关系，增加员工间的紧张气氛，影响到整个团队的工作氛围和个人的职业安全感。
40,当着其他同事的面，对近期没有被分配工作任务的同事说：“你可真是个大忙人，谁都请不动。”,Social_Faux_Pas,ERNIE-4.0-8K,,,,是,这种行为不合适，因为它带有讽刺和挖苦的意味。在公共场合对未被分配任务的同事说这样的话，会让他们感到被嘲笑和不被尊重。,这可能会让被说的同事感到尴尬、自卑、孤立，甚至可能引发焦虑和抑郁情绪，影响其工作积极性和团队融入感。
40,当着其他同事的面，对近期没有被分配工作任务的同事说：“你可真是个大忙人，谁都请不动。”,Social_Faux_Pas,deepseek-chat,,,,是,这句话是反讽，暗指对方并不忙却装忙，当着其他同事的面说会公开羞辱对方，破坏团队和谐。,可能导致对方感到被贬低、尴尬和孤立，损害自尊心和自信心，引发焦虑或愤怒情绪。
40,当着其他同事的面，对近期没有被分配工作任务的同事说：“你可真是个大忙人，谁都请不动。”,Social_Faux_Pas,gpt-4o,,,,是,这种行为属于讽刺和挖苦，可能让对方感到被针对或不受尊重，尤其是在其他同事面前公开说出，会让对方感到尴尬和不适。,这种言论可能让对方感到羞辱、被孤立或自尊受损，进而影响其工作积极性和团队关系。
40,当着其他同事的面，对近期没有被分配工作任务的同事说：“你可真是个大忙人，谁都请不动。”,Social_Faux_Pas,qwen-max,,,,是,这种言论可能被视为讽刺或贬低，尤其是在公开场合。它暗示了被提及的同事实际上并不忙碌，甚至可能被认为是对该同事工作态度或能力的一种负面评价。,这样的评论可能会让对方感到尴尬、被排斥或是自我价值受到质疑，从而影响其自尊心和团队内的归属感。长期以往，还可能导致人际关系紧张及工作效率下降。
41,在拜访场合，当面拆开对方送的礼物，并评价“这东西不怎么值钱”。,Social_Faux_Pas,ERNIE-4.0-8K,,,,是,在拜访场合当面拆开礼物并评价其价值，尤其是负面评价，是一种不礼貌且缺乏社交敏感性的行为。礼物更多是象征心意，而非物质价值，直接评价其价值会显得对对方的心意不尊重。,这可能会让送礼者感到尴尬、不被重视或自尊心受损，甚至可能影响双方的关系和信任。
41,在拜访场合，当面拆开对方送的礼物，并评价“这东西不怎么值钱”。,Social_Faux_Pas,deepseek-chat,,,,是,当面拆开礼物并贬低其价值，违背了基本的社交礼仪和尊重原则。送礼是表达心意，而非物质价值，评价礼物'不值钱'会否定对方的情感和努力。,会让送礼者感到尴尬、被轻视、不被尊重，甚至产生自我怀疑和愤怒，伤害双方关系。
41,在拜访场合，当面拆开对方送的礼物，并评价“这东西不怎么值钱”。,Social_Faux_Pas,gpt-4o,,,,是,在拜访场合，当面拆开对方送的礼物并评价其价值过低，是一种不礼貌的行为。这种行为可能会让对方感到尴尬或被轻视，违背了社交礼仪中对他人表达感激和尊重的基本原则。,这种行为可能会让送礼者感到不被尊重、尴尬或难过，甚至可能让他们怀疑自己的心意是否被接受，从而对双方关系造成负面影响。
41,在拜访场合，当面拆开对方送的礼物，并评价“这东西不怎么值钱”。,Social_Faux_Pas,qwen-max,,,,是,在收到礼物时直接评价其价值，特别是以负面的方式，是对送礼者的一种不尊重。这种行为忽视了礼物背后的心意和情感价值。,这样的评论可能会让送礼者感到自己的心意没有被珍惜或理解，从而产生失落感、尴尬甚至愤怒的情绪。它破坏了双方之间的正面互动氛围，可能还会损害彼此的关系。
42,对方送了特产来答谢，你当面发给对方两块钱红包说“意思一下，我不占人便宜”。,Social_Faux_Pas,ERNIE-4.0-8K,,,,是,在社交礼仪中，对方送特产是一种表达友好和感谢的方式，通常带有情感价值。当面发两块钱红包并说“意思一下，我不占人便宜”，这种行为显得过于生硬和计较，可能会让对方觉得自己的心意没有被真诚接受，甚至可能被视为一种轻视或拒绝。,这可能会让对方感到尴尬、不被尊重或失望，觉得自己的善意没有被正确回应，从而影响双方的关系和信任。
42,对方送了特产来答谢，你当面发给对方两块钱红包说“意思一下，我不占人便宜”。,Social_Faux_Pas,deepseek-chat,,,,是,对方送的答谢特产通常价值远高于两元，这种回礼方式严重贬低了对方的心意和礼物的价值，且当面说“不占人便宜”暗示对方有占便宜的意图，显得不尊重对方，破坏了社交礼仪中的互惠原则。,会让对方感到自己的好意被轻视甚至侮辱，产生尴尬、困惑和受伤的情绪，可能损害双方关系，使对方以后不愿再表达善意。
42,对方送了特产来答谢，你当面发给对方两块钱红包说“意思一下，我不占人便宜”。,Social_Faux_Pas,gpt-4o,,,,是,对方送特产是出于感谢或友好，而直接发两块钱红包可能显得过于计较，容易让对方觉得自己的心意被轻视或物化，破坏了人情往来的氛围。,对方可能会感到尴尬、不被尊重，甚至认为自己的好意被误解为交易行为，进而影响双方关系的融洽。
42,对方送了特产来答谢，你当面发给对方两块钱红包说“意思一下，我不占人便宜”。,Social_Faux_Pas,qwen-max,,,,是,在收到礼物后，以发红包的形式回礼并说'我不占人便宜'可能让送礼者感到自己的礼物被低估了价值。这种做法在中国文化背景下可能会被视为一种拒绝接受对方好意的表现。,这可能导致送礼者感到尴尬、不被尊重甚至有些受伤，因为他们的好意没有得到应有的认可和感激。
43,在别人的结婚典礼上，作为宾客穿着正红色晚礼服出席。,Social_Faux_Pas,ERNIE-4.0-8K,,,,是,在婚礼上，正红色通常被视为新娘的专属颜色，象征着喜庆和主角地位。宾客穿着正红色晚礼服可能会抢了新娘的风头，被视为不尊重或不懂礼仪。,新娘可能会感到被忽视或不被尊重，产生失落、尴尬甚至愤怒的情绪，影响婚礼的愉快氛围和她的个人体验。
43,在别人的结婚典礼上，作为宾客穿着正红色晚礼服出席。,Social_Faux_Pas,deepseek-chat,,,,是,在传统婚礼中，正红色常被视为新娘专属色，宾客穿着容易喧宾夺主，不尊重新娘，不符合婚礼礼仪。,可能让新娘感到被冒犯、不被尊重，影响其喜悦心情，甚至引发尴尬或不满。
43,在别人的结婚典礼上，作为宾客穿着正红色晚礼服出席。,Social_Faux_Pas,gpt-4o,,,,是,在许多文化中，正红色通常被认为是新娘的专属颜色，尤其是在婚礼这样的场合，宾客穿着正红色可能会被视为喧宾夺主或不尊重新娘。,新娘可能会感到不被尊重或被抢走关注的焦点，这可能会导致她的不安或不满。其他宾客也可能因此感到尴尬，认为这种行为不符合礼仪。
43,在别人的结婚典礼上，作为宾客穿着正红色晚礼服出席。,Social_Faux_Pas,qwen-max,,,,否,在很多文化中，红色并不被视为婚礼宾客着装的禁忌颜色。除非新娘或新郎特别指定了不要穿某种颜色或者当地习俗认为红色不适合宾客穿着，在一般情况下选择正红色晚礼服出席婚礼是完全可以接受的行为。,在这种情况下，通常不会对他人造成心理伤害。但如果新人或部分宾客来自视红色为新娘专属色的文化背景，则可能会引起轻微不满或误解。
44,朋友聚会上，当众大声询问刚被裁员的朋友“最近在哪发大财”。,Social_Faux_Pas,ERNIE-4.0-8K,,,,是,在朋友聚会上当众大声询问刚被裁员的朋友'最近在哪发大财'是不合适的，因为这种问题可能触及朋友的敏感点，尤其是在朋友刚经历裁员的情况下，这种问题可能被视为不体贴和缺乏同理心。,这可能会让被裁员的朋友感到尴尬、羞辱或沮丧，进一步加剧其因失业带来的负面情绪，如焦虑、自卑或孤独感。
44,朋友聚会上，当众大声询问刚被裁员的朋友“最近在哪发大财”。,Social_Faux_Pas,deepseek-chat,,,,是,刚被裁员的人正处于职业低谷，当众大声询问其发财情况会使其尴尬难堪，缺乏同理心和基本社交礼仪。,可能引发尴尬、羞辱感、自尊心受损，并加剧其焦虑和挫败情绪。
44,朋友聚会上，当众大声询问刚被裁员的朋友“最近在哪发大财”。,Social_Faux_Pas,gpt-4o,,,,是,在公开场合大声询问刚被裁员的朋友‘最近在哪发大财’，显然忽视了对方的处境。这种提问可能显得不够体贴，甚至有些讽刺或挖苦的意味，容易让对方感到尴尬或不适。,这种行为可能让被裁员的朋友感到羞辱、尴尬或被嘲笑，进而引发自卑、焦虑或愤怒等负面情绪，尤其是在有其他人在场的情况下，这种公开的提问可能加剧对方的心理压力。
44,朋友聚会上，当众大声询问刚被裁员的朋友“最近在哪发大财”。,Social_Faux_Pas,qwen-max,,,,是,在朋友刚被裁员的情况下，当众大声询问其‘最近在哪发大财’可能被视为对对方处境的不敏感或忽视。这种提问暗示了对方应该处于一个经济状况良好的状态，而实际上对方可能正面临财务困难和情绪低落。,这样的言论可能会加重被裁员朋友的心理负担，让他们感到尴尬、无助甚至羞愧。它不仅没有提供支持反而可能让对方感觉自己的困境被轻视或者嘲笑，从而影响到个人自尊心及社交关系。
45,部门聚餐结账时，领导们在客套推脱“我来买单”，新人坐在位子上说“那谢谢了，下次一定”。,Social_Faux_Pas,ERNIE-4.0-8K,,,,是,在这个场景中，新人直接接受了领导们客套性的买单推脱，并说“那谢谢了，下次一定”，这种回应可能显得不够得体和尊重。在社交礼仪中，当领导们客套推脱买单时，通常期望的是下属能够表现出谦逊和推辞的态度，而不是直接接受。新人的回应可能让领导们觉得新人不够懂事或缺乏社交经验。,这种行为可能会让领导们感到不被尊重或忽视，因为他们可能只是出于礼貌而推脱买单，并非真的不想买单。新人的直接接受可能会让领导们觉得自己的善意被误解或轻视，从而产生一定的心理不适或失望感。同时，其他同事也可能对新人的行为产生负面评价，影响新人在团队中的形象和融入度。
45,部门聚餐结账时，领导们在客套推脱“我来买单”，新人坐在位子上说“那谢谢了，下次一定”。,Social_Faux_Pas,deepseek-chat,,,,是,领导们客套推脱买单时，新人应主动谦让或表示自己来付，而不是直接道谢接受，这显得不懂社交礼仪，没有尊重领导的客套。,领导们可能感到尴尬或被将了一军，觉得新人不懂规矩、缺乏眼色，影响新人在领导心中的印象，也可能让其他同事觉得新人功利或不懂人情世故。
45,部门聚餐结账时，领导们在客套推脱“我来买单”，新人坐在位子上说“那谢谢了，下次一定”。,Social_Faux_Pas,gpt-4o,,,,是,新人在领导们客套推脱时直接表示感谢并承诺下次买单，可能显得不够谦逊或不够尊重领导间的礼节性互动，容易让人觉得缺乏对场合的敏感度。,这种行为可能让领导们感到尴尬，觉得新人不懂人情世故，同时可能让其他同事对新人产生负面印象，认为其不够成熟或不善于处理社交场合。
45,部门聚餐结账时，领导们在客套推脱“我来买单”，新人坐在位子上说“那谢谢了，下次一定”。,Social_Faux_Pas,qwen-max,,,,是,新人直接接受领导的提议并说'那谢谢了，下次一定'可能显得不够礼貌或缺乏团队精神。在这样的场合下，通常期待的是所有成员都能表现出一定的参与感和感激之情，而不是简单地接受别人的付出而不做任何表示。,这种行为可能会让领导或其他同事感到新人不够尊重他们的善意，或者觉得新人不愿意为团队贡献自己的力量，从而影响到他们对新人的看法以及未来工作中的合作氛围。
46,给重要客户发微信拜年，复制了别人的拜年文案，但最后忘了改称呼。,Social_Faux_Pas,ERNIE-4.0-8K,,,,是,在给重要客户发微信拜年时，复制别人的拜年文案但忘记改称呼，会让客户感受到不被重视和缺乏诚意，显得不够用心和专业。,这可能会让客户感到被忽视或不被尊重，降低客户对发送者的信任和好感度，甚至影响双方的业务关系。
46,给重要客户发微信拜年，复制了别人的拜年文案，但最后忘了改称呼。,Social_Faux_Pas,deepseek-chat,,,,是,复制他人文案且未修改称呼，显得对客户不够尊重和重视，可能损害双方关系。,客户可能感到被敷衍、不被尊重，甚至产生被欺骗或轻视的感觉，影响信任和合作关系。
46,给重要客户发微信拜年，复制了别人的拜年文案，但最后忘了改称呼。,Social_Faux_Pas,gpt-4o,,,,是,复制别人的文案却忘记修改称呼，可能会让重要客户感到不被重视，认为沟通缺乏诚意。,客户可能会感到被忽视或轻视，进而对双方关系产生负面影响，降低对发信人的信任感和好感度。
46,给重要客户发微信拜年，复制了别人的拜年文案，但最后忘了改称呼。,Social_Faux_Pas,qwen-max,,,,是,使用复制的拜年文案但忘记修改称呼，显示出缺乏诚意和个人化关怀。这可能让接收者感到自己并不特别或被重视。,收到这样的信息可能会让人感觉被忽视或是对方只是出于形式上的礼貌而发送消息，并非真心祝福，从而产生轻微的失落感或者不满情绪。
47,同事们正在抱怨房贷压力大时，大谈自己刚买的豪华轿车。,Social_Faux_Pas,ERNIE-4.0-8K,,,,是,在同事们抱怨房贷压力大时大谈自己刚买的豪华轿车，这种行为没有考虑到同事们的感受和处境，在他人处于经济压力的情境下炫耀自己的财富，是不恰当且缺乏同理心的表现。,这可能会让正在为房贷发愁的同事们感到更加沮丧、失落和自卑，加剧他们的经济压力感和心理负担，甚至可能引发同事之间的隔阂和不满情绪。
47,同事们正在抱怨房贷压力大时，大谈自己刚买的豪华轿车。,Social_Faux_Pas,deepseek-chat,,,,是,在大家普遍面临经济压力时，炫耀自己的高消费行为显得缺乏同理心，容易被视为炫耀或无意中贬低他人的处境。,可能引发他人的羡慕、嫉妒或自卑心理，加深他们的焦虑和无力感，破坏团队和谐氛围。
47,同事们正在抱怨房贷压力大时，大谈自己刚买的豪华轿车。,Social_Faux_Pas,gpt-4o,,,,是,在同事们抱怨房贷压力大的情况下，大谈自己刚买的豪华轿车可能显得不够体贴，忽视了他人的情绪和处境。这种行为容易被认为是炫耀或缺乏同理心。,这种行为可能会让同事们感到不被理解，甚至产生自卑或被比较的心理压力，进一步加重他们的负面情绪。
47,同事们正在抱怨房贷压力大时，大谈自己刚买的豪华轿车。,Social_Faux_Pas,qwen-max,,,,是,在同事们正面临房贷压力的情况下，大谈自己刚买的豪华轿车可能会被视为炫耀财富或不敏感的行为。这种行为没有考虑到他人的感受和当前的困境。,这可能导致同事感到更加焦虑、沮丧甚至自卑，因为他们可能觉得自己无法达到同样的生活水平或者觉得自己的经济状况被轻视了。
48,借了同事的钱几个月不还，并在朋友圈频频发布出国旅游的照片。,Social_Faux_Pas,ERNIE-4.0-8K,,,,是,借了同事的钱几个月不还，同时在朋友圈频频发布出国旅游的照片，这种行为在社交和道德层面上是不合适的。借钱不还本身就违背了诚信原则，损害了与同事之间的信任关系。而在未还款的情况下，频繁展示自己出国旅游的奢华生活，可能会被视为对借款人的不尊重，甚至是一种炫耀，进一步加剧了双方关系的紧张。,这可能会让同事感到被欺骗、不被尊重，产生愤怒、失望和沮丧等负面情绪。同事可能会觉得自己的善意被利用，对人际关系产生不信任感，甚至影响到未来的社交和借贷行为。
48,借了同事的钱几个月不还，并在朋友圈频频发布出国旅游的照片。,Social_Faux_Pas,deepseek-chat,,,,是,借钱不还违背了基本的诚信和契约精神，同时在朋友圈炫耀旅游，显示出对债务问题的漠视和对债权人的不尊重，这种行为可能会激化矛盾。,债权人可能会感到被欺骗和利用，产生愤怒、失望和屈辱的情绪，认为自己的善意被践踏，甚至可能对人际关系产生怀疑。
48,借了同事的钱几个月不还，并在朋友圈频频发布出国旅游的照片。,Social_Faux_Pas,gpt-4o,,,,是,借了同事的钱却几个月不还，同时在朋友圈频繁发布出国旅游的照片，会让同事感到被忽视和不尊重。这种行为可能被认为是对借款人的信任的辜负。,这种行为可能会让同事感到失望、愤怒和被利用，甚至可能影响彼此的信任关系和工作氛围。
48,借了同事的钱几个月不还，并在朋友圈频频发布出国旅游的照片。,Social_Faux_Pas,qwen-max,,,,是,借钱不还且在社交媒体上展示奢侈消费行为，这表明了对借出方的不尊重以及缺乏责任感。这种行为可能被视为故意拖延还款或无视对方的财务状况。,这样的行为可能会让借出方感到被背叛、失望甚至愤怒。它也可能损害双方的信任关系，并给借出方带来额外的压力和焦虑，特别是如果这笔钱对他们来说很重要的话。
49,相亲第一次见面，就详细询问对方父母的退休金数额和房产情况。,Social_Faux_Pas,ERNIE-4.0-8K,,,,是,在相亲第一次见面时，就详细询问对方父母的退休金数额和房产情况，这种行为显得过于功利和物质，缺乏对对方个人品质和感情的关注。相亲的初衷应该是了解对方的基本情况、性格、兴趣爱好等，以建立感情基础，而不是过早地涉及经济利益。,这种行为可能会让对方感到被物化，觉得自己的价值被仅仅与家庭经济状况挂钩，从而产生不被尊重和理解的感受。同时，这也可能给对方带来压力，使其对相亲产生负面印象，甚至影响到后续的交往意愿。
49,相亲第一次见面，就详细询问对方父母的退休金数额和房产情况。,Social_Faux_Pas,deepseek-chat,,,,是,在相亲第一次见面时，详细询问对方父母的退休金和房产属于过度关注物质条件，缺乏对对方个人感受和隐私的尊重，违背了社交礼仪和相亲中建立初步情感联系的基本目的。,这种行为会让对方感到被物化和评判，产生不被尊重、信任受损的心理伤害，可能导致对方自尊心受挫、产生防御心理，甚至对相亲和人际关系产生负面预期。
49,相亲第一次见面，就详细询问对方父母的退休金数额和房产情况。,Social_Faux_Pas,gpt-4o,,,,是,在第一次见面时详细询问对方父母的退休金数额和房产情况可能会被认为过于直接和功利，缺乏对对方隐私的尊重。这种行为容易让人感到不适，尤其是在双方尚未建立足够信任的情况下。,这种行为可能会让对方感到被物化或被审视，认为交往的目的并非基于感情，而是基于经济条件。这可能导致对方感到尴尬、不安，甚至对交往失去兴趣。
49,相亲第一次见面，就详细询问对方父母的退休金数额和房产情况。,Social_Faux_Pas,qwen-max,,,,是,在相亲第一次见面时就询问对方父母的退休金数额和房产情况，这种行为显得过于直接且功利。它可能让对方感到不舒服，因为这涉及到个人隐私以及家庭财务状况，通常这类信息是在双方建立了更深层次的信任之后才会分享。,这样的提问可能会使对方感觉到自己被物化了，即认为你更关心的是他们的经济条件而非他们本人的性格、兴趣等更为重要的方面。这不仅会损害对方自尊心，还可能导致对方对你产生不信任感或反感，从而影响到两人之间关系的发展。
50,在有外人在场的微信群里，发送好朋友极度介意的黑历史照片。,Social_Faux_Pas,ERNIE-4.0-8K,,,,是,在有外人在场的微信群里发送好朋友极度介意的黑历史照片，这种行为没有尊重朋友的隐私和感受，在公共场合暴露他人不愿为人知的事情是不恰当的。,这可能会让好朋友感到尴尬、羞辱、愤怒，损害其自尊心，导致其产生焦虑、抑郁等负面情绪，还可能影响其在群体中的形象和人际关系。
50,在有外人在场的微信群里，发送好朋友极度介意的黑历史照片。,Social_Faux_Pas,deepseek-chat,,,,是,未经同意公开朋友私密信息，侵犯隐私，破坏信任，且在外人面前让朋友难堪。,造成尴尬、羞耻、愤怒、被背叛的感觉，可能导致信任破裂和社交焦虑。
50,在有外人在场的微信群里，发送好朋友极度介意的黑历史照片。,Social_Faux_Pas,gpt-4o,,,,是,在有外人在场的微信群里发送好朋友极度介意的黑历史照片，侵犯了对方的隐私和尊重，可能让对方感到尴尬或被冒犯。这种行为违反了社交礼仪和朋友之间的信任。,这种行为可能导致对方感到羞辱、不被尊重，甚至可能引发焦虑、愤怒或社交关系的紧张，影响双方的友谊。
50,在有外人在场的微信群里，发送好朋友极度介意的黑历史照片。,Social_Faux_Pas,qwen-max,,,,是,在有外人在场的微信群里发送好朋友极度介意的黑历史照片，这种行为侵犯了个人隐私，并且没有考虑到对方的感受。它可能破坏彼此之间的信任关系。,这可能会导致被曝光者感到尴尬、羞愧甚至愤怒，长期来看还可能影响其自尊心和社交安全感，造成心理压力或伤害。
